multi_target_guides	single_mismatch_guides	pam_distal_single_mismatch_guides	pam_distal_double_mismatch_guides	guides_not_target_anywhere	guides_not_target_exon
sgABHD17A_1	sgA4GALT_1	NA	sgABCB8_2	sgADAMTSL1_3	sgAAED1_2
sgABHD17A_2	sgAADAC_3	NA	sgABHD14A_4	sgALPK1_3	sgABCA3_1
sgABHD17A_3	sgABCA7_2	NA	sgACSL5_3	sgANAPC1_4	sgABCF2_4
sgABHD17A_4	sgABCB10_2	NA	sgALG10_1	sgAPBA3_3	sgACBD5_3
sgACKR4_1	sgABCB10_3	NA	sgANKRD34A_2	sgAPH1B_1	sgACD_3
sgACKR4_2	sgABCB11_3	NA	sgANXA6_1	sgAPOBEC3H_4	sgACER3_3
sgACSM2A_1	sgABCB6_3	NA	sgAPLN_3	sgBCL2L15_4	sgACOX1_3
sgACSM2B_1	sgABCE1_1	NA	sgARSD_1	sgBTG4_3	sgACPP_1
sgACSM2B_4	sgABCE1_2	NA	sgATXN7L1_4	sgC4orf45_4	sgACPT_3
sgACTB_3	sgABCE1_3	NA	sgBBIP1_1	sgCAPRIN2_4	sgACSBG2_4
sgACTR3C_1	sgABHD17C_1	NA	sgBBS4_2	sgCBLB_1	sgACTA2_3
sgACTR3C_2	sgABLIM2_3	NA	sgC12orf54_4	sgCCDC176_4	sgACTG2_3
sgAGAP4_1	sgABR_2	NA	sgC1orf177_4	sgCCDC37_2	sgADAD2_4
sgAGAP4_2	sgACAA2_1	NA	sgC3orf38_3	sgCGB7_3	sgADAMTS14_4
sgAGAP4_3	sgACAA2_3	NA	sgCABS1_2	sgCLIC6_2	sgADAMTS9_1
sgAGAP4_4	sgACAA2_4	NA	sgCALML6_2	sgCREB3L2_3	sgADGRA2_3
sgAGAP5_1	sgACACA_2	NA	sgCBR4_1	sgCST9_3	sgADGRD1_1
sgAGAP5_2	sgACAP3_4	NA	sgCCDC172_1	sgDISC1_2	sgADSS_3
sgAGAP6_1	sgACER2_3	NA	sgCCDC183_2	sgDNAAF1_3	sgAEBP1_3
sgAGAP6_2	sgACER3_1	NA	sgCCNF_2	sgDNAH6_4	sgAGMAT_4
sgAGAP9_1	sgACE_3	NA	sgCDV3_4	sgEPHA8_1	sgAGPAT5_1
sgAGAP9_2	sgACKR2_4	NA	sgCECR1_1	sgFAM205A_1	sgAGPS_4
sgAGAP9_3	sgACKR4_3	NA	sgCEP44_1	sgGOLGA6L2_4	sgAIDA_2
sgAGAP9_4	sgACKR4_4	NA	sgCFAP58_3	sgGPR26_1	sgAIF1_4
sgAHNAK2_4	sgACOT13_1	NA	sgCFHR4_3	sgHLA-A_2	sgAIMP2_4
sgAHNAK_4	sgACOT13_4	NA	sgCHML_4	sgHLA-DQB1_3	sgAK1_1
sgAIDA_1	sgACOT1_1	NA	sgCKS1B_2	sgIRF2BP2_3	sgALDH2_4
sgAIDA_3	sgACOT1_2	NA	sgCLCC1_1	sgLAMA5_4	sgALLC_1
sgAK2_1	sgACOT1_3	NA	sgCNIH1_1	sgLAMTOR5_2	sgALOX12_4
sgAK4_3	sgACOT1_4	NA	sgCOPE_2	sgLRGUK_3	sgANKH_3
sgAKAP17A_1	sgACOT2_2	NA	sgCRY1_1	sgMTMR2_4	sgANKLE1_2
sgAKAP17A_2	sgACOT2_3	NA	sgCTDSP2_1	sgPARD3B_1	sgANKLE1_3
sgAKAP17A_4	sgACOT4_1	NA	sgDDT_3	sgPKD1L3_3	sgANKRD45_2
sgAKIP1_1	sgACOT4_3	NA	sgDNAJB14_3	sgPOLR2J2_2	sgANKRD53_2
sgAKR1B15_4	sgACOT7_1	NA	sgEIF1AY_4	sgPTGDR2_3	sgANKRD66_2
sgAKR1C1_4	sgACOT9_3	NA	sgEIF4A2_2	sgRBMS3_2	sgANP32A_3
sgALG10B_1	sgACP1_4	NA	sgFAM60A_4	sgSLC22A31_3	sgANP32B_1
sgALG10B_4	sgACR_3	NA	sgFAM63B_1	sgSLC6A5_1	sgAP1M1_1
sgAMY1A_1	sgACSBG2_3	NA	sgFCER2_3	sgSPINK14_1	sgAP3S1_3
sgAMY1A_2	sgACSM2A_4	NA	sgFHL5_3	sgSRGN_4	sgAP5S1_1
sgAMY1A_3	sgACSM2B_3	NA	sgFLVCR1_2	sgTBC1D4_2	sgAPBB3_1
sgAMY1A_4	sgACSM3_1	NA	sgFSTL5_3	sgTRUB1_2	sgAPIP_1
sgAMY1B_1	sgACSM4_4	NA	sgGPR160_3	sgTUSC1_1	sgAPOL3_3
sgAMY1B_2	sgACSM5_2	NA	sgGRAMD3_2	sgZNF610_3	sgAPP_4
sgAMY1B_3	sgACSM5_3	NA	sgGRID1_3	NA	sgAQP12A_1
sgAMY1B_4	sgACSM6_3	NA	sgHMGN3_4	NA	sgARF4_1
sgAMY1C_1	sgACTA1_1	NA	sgHMX3_1	NA	sgARHGAP1_2
sgAMY1C_2	sgACTBL2_3	NA	sgHNMT_2	NA	sgARHGAP26_2
sgAMY1C_3	sgACTB_1	NA	sgISY1_1	NA	sgARHGAP42_2
sgAMY1C_4	sgACTC1_4	NA	sgKIAA0100_4	NA	sgARHGEF25_2
sgAMY2A_1	sgACTG1_4	NA	sgKRT6A_1	NA	sgARHGEF26_2
sgAMY2A_3	sgACTG2_4	NA	sgKRT83_1	NA	sgARL16_4
sgAMY2A_4	sgACTN2_1	NA	sgKRTAP29-1_2	NA	sgARL6IP4_2
sgAMY2B_4	sgACTN2_4	NA	sgKRTAP3-3_3	NA	sgARL6IP4_3
sgANKRD18A_2	sgACTN4_2	NA	sgMARCH6_2	NA	sgARL6IP4_4
sgANKRD20A1_1	sgACTR2_1	NA	sgMAST1_1	NA	sgARMC3_4
sgANKRD20A1_2	sgACTR2_3	NA	sgMDH1_3	NA	sgARPC4_4
sgANKRD20A1_3	sgACTR2_4	NA	sgMEP1B_1	NA	sgARTN_2
sgANKRD20A1_4	sgACTR3B_1	NA	sgMGAT4D_1	NA	sgASAH1_4
sgANKRD30A_1	sgACTR3B_2	NA	sgMGST1_2	NA	sgASB10_4
sgANKRD30A_2	sgACTR3B_3	NA	sgMPEG1_4	NA	sgASB16_4
sgANKRD30A_4	sgACTR3C_3	NA	sgMS4A8_4	NA	sgASGR1_2
sgANKRD36_3	sgACTR3C_4	NA	sgMYBL2_2	NA	sgASIC2_1
sgANXA8L1_1	sgACTR3_4	NA	sgNFE2_1	NA	sgASIC2_2
sgANXA8L1_2	sgACY1_4	NA	sgNUCB1_2	NA	sgATCAY_3
sgANXA8_1	sgADAM15_2	NA	sgNon-Targeting Control_429	NA	sgATE1_1
sgANXA8_2	sgADAM21_2	NA	sgOBSCN_4	NA	sgATE1_4
sgAP1S2_2	sgADAM21_3	NA	sgOR4S2_4	NA	sgATP2C2_1
sgAP1S2_3	sgADAM21_4	NA	sgOR52I2_4	NA	sgATP5C1_4
sgAP3S1_1	sgADAMTS14_1	NA	sgOR8B12_2	NA	sgATP6V0E2_1
sgAP3S1_2	sgADAMTS20_3	NA	sgPA2G4_1	NA	sgATP6V1F_2
sgAP4S1_3	sgADAMTS7_2	NA	sgPABPN1_2	NA	sgATP7A_4
sgAPBB1IP_3	sgADAMTS8_2	NA	sgPBOV1_3	NA	sgATP9A_1
sgAPELA_4	sgADAMTSL3_1	NA	sgPGLYRP3_3	NA	sgATXN2_4
sgAPOBEC3A_1	sgADAMTSL3_3	NA	sgPPP3R2_1	NA	sgB2M_3
sgAPOBEC3F_2	sgADCYAP1_1	NA	sgPSMC1_4	NA	sgB4GALT1_4
sgAPOC1_1	sgADGB_3	NA	sgPTN_3	NA	sgBAALC_3
sgAQP12A_4	sgADGRE1_3	NA	sgPYY_1	NA	sgBAIAP2_2
sgAQP12B_2	sgADH1B_1	NA	sgRAB11A_1	NA	sgBANF2_2
sgAQP12B_3	sgADH1B_2	NA	sgRASSF1_4	NA	sgBCAN_4
sgAQP12B_4	sgADH1B_4	NA	sgRGS20_4	NA	sgBCAS4_3
sgAQP7_4	sgADH1C_1	NA	sgRIMS1_1	NA	sgBCL2L12_1
sgARHGAP11B_2	sgADH1C_2	NA	sgSLC25A15_1	NA	sgBCL2L12_4
sgARHGAP11B_3	sgADH1C_3	NA	sgSLC35A5_3	NA	sgBHMT2_3
sgARHGAP11B_4	sgADH5_1	NA	sgSLIT1_3	NA	sgBLNK_2
sgARHGEF35_1	sgADH5_2	NA	sgSMC6_1	NA	sgBLVRB_2
sgARHGEF35_2	sgADH5_3	NA	sgSRA1_3	NA	sgBMX_2
sgARHGEF35_3	sgADH5_4	NA	sgSSBP2_3	NA	sgBNIP2_2
sgARHGEF35_4	sgADK_2	NA	sgST6GALNAC2_3	NA	sgBNIP2_3
sgARID3B_3	sgADORA2B_3	NA	sgSTMN1_2	NA	sgBNIP3_1
sgARL17A_1	sgADPGK_3	NA	sgSUMO4_1	NA	sgBPI_4
sgARL17A_2	sgADRA1A_1	NA	sgTADA3_2	NA	sgBRI3BP_2
sgARL17A_3	sgADSS_2	NA	sgTDRD5_3	NA	sgBSX_1
sgARL17A_4	sgADSS_4	NA	sgTIMM10_4	NA	sgBTBD19_3
sgARL17B_1	sgAEN_1	NA	sgTMEM252_4	NA	sgC10orf113_1
sgARL17B_2	sgAEN_3	NA	sgTMEM35_3	NA	sgC10orf113_2
sgARL17B_3	sgAFF4_3	NA	sgTPTE2_4	NA	sgC10orf113_3
sgARL17B_4	sgAFG3L2_2	NA	sgTREML4_1	NA	sgC10orf113_4
sgARL2BP_4	sgAGAP1_4	NA	sgTRIQK_3	NA	sgC10orf95_1
sgARL4A_1	sgAGAP5_3	NA	sgUBE2H_3	NA	sgC10orf99_4
sgARL4A_3	sgAGAP5_4	NA	sgULBP1_3	NA	sgC11orf31_1
sgARL4A_4	sgAGAP6_3	NA	sgVPS37B_2	NA	sgC11orf80_3
sgARL5A_4	sgAGAP6_4	NA	sgWBSCR28_4	NA	sgC12orf45_2
sgARL6IP1_2	sgAGK_1	NA	sgWDR75_3	NA	sgC12orf49_3
sgARMC10_1	sgAGO1_1	NA	sgWSCD2_4	NA	sgC12orf76_1
sgARMC10_3	sgAGPAT6_1	NA	sgXPA_2	NA	sgC12orf76_2
sgARPP19_1	sgAHCTF1_1	NA	sgZCRB1_4	NA	sgC12orf76_3
sgARPP19_4	sgAHCTF1_3	NA	sgZNF12_1	NA	sgC15orf27_1
sgASAH2B_1	sgAHCTF1_4	NA	sgZNF140_1	NA	sgC15orf52_1
sgASAH2B_3	sgAHCY_3	NA	sgZNF362_2	NA	sgC16orf45_4
sgASAH2B_4	sgAHNAK2_1	NA	sgZNF493_1	NA	sgC16orf47_1
sgASMTL_1	sgAHNAK2_2	NA	sgZNF566_4	NA	sgC16orf47_2
sgASMTL_2	sgAHNAK2_3	NA	sgZNF628_3	NA	sgC16orf47_3
sgASMTL_3	sgAIF1L_3	NA	sgZNF761_3	NA	sgC16orf47_4
sgASMTL_4	sgAIFM1_2	NA	NA	NA	sgC16orf71_4
sgASMT_1	sgAIM2_1	NA	NA	NA	sgC17orf64_2
sgASMT_2	sgAIMP2_2	NA	NA	NA	sgC17orf85_1
sgASMT_3	sgAIPL1_4	NA	NA	NA	sgC19orf18_3
sgASMT_4	sgAK3_3	NA	NA	NA	sgC19orf47_2
sgATP5E_3	sgAK4_4	NA	NA	NA	sgC19orf53_3
sgATP5E_4	sgAK5_1	NA	NA	NA	sgC19orf81_4
sgATP5H_2	sgAK6_1	NA	NA	NA	sgC1QBP_4
sgATP5H_4	sgAK6_3	NA	NA	NA	sgC1QTNF2_2
sgATP5J2_1	sgAK6_4	NA	NA	NA	sgC1orf162_1
sgATP5J2_3	sgAKAP17A_3	NA	NA	NA	sgC1orf162_2
sgATP5L2_2	sgAKAP5_1	NA	NA	NA	sgC1orf226_3
sgATP5L_1	sgAKIRIN2_1	NA	NA	NA	sgC20orf202_3
sgATP5L_3	sgAKR1B10_1	NA	NA	NA	sgC22orf39_3
sgBANF1_1	sgAKR1B10_3	NA	NA	NA	sgC22orf39_4
sgBANF1_2	sgAKR1B10_4	NA	NA	NA	sgC2orf48_1
sgBANF1_3	sgAKR1B15_2	NA	NA	NA	sgC2orf48_2
sgBANF1_4	sgAKR1B15_3	NA	NA	NA	sgC2orf48_3
sgBBS5_1	sgAKR1B1_1	NA	NA	NA	sgC2orf48_4
sgBCLAF1_1	sgAKR1B1_3	NA	NA	NA	sgC2orf66_3
sgBCLAF1_2	sgAKR1C1_1	NA	NA	NA	sgC2orf68_2
sgBCLAF1_3	sgAKR1C1_2	NA	NA	NA	sgC4BPA_1
sgBDH2_2	sgAKR1C1_3	NA	NA	NA	sgC4orf3_1
sgBDH2_3	sgAKR1C2_1	NA	NA	NA	sgC4orf3_2
sgBMP8A_2	sgAKR1C2_3	NA	NA	NA	sgC4orf3_3
sgBMP8B_3	sgAKR1C2_4	NA	NA	NA	sgC4orf3_4
sgBOLA2B_1	sgAKR1C3_1	NA	NA	NA	sgC4orf45_3
sgBOLA2B_2	sgAKR1C3_4	NA	NA	NA	sgC6orf1_4
sgBOLA2B_3	sgAKR1C4_2	NA	NA	NA	sgC6orf52_1
sgBOLA2B_4	sgAKR1D1_1	NA	NA	NA	sgC7orf76_1
sgBOLA2_1	sgAKR1D1_2	NA	NA	NA	sgC7orf76_2
sgBOLA2_2	sgAKR7A2_2	NA	NA	NA	sgC7orf76_3
sgBOLA2_3	sgAKR7A3_1	NA	NA	NA	sgC7orf76_4
sgBOLA2_4	sgAKR7A3_3	NA	NA	NA	sgC8B_3
sgBPY2B_1	sgAKR7A3_4	NA	NA	NA	sgC8orf88_4
sgBPY2B_2	sgAKTIP_2	NA	NA	NA	sgC9orf171_1
sgBPY2B_3	sgAKTIP_3	NA	NA	NA	sgC9orf47_1
sgBPY2B_4	sgAKTIP_4	NA	NA	NA	sgC9orf47_2
sgBPY2C_1	sgALAD_3	NA	NA	NA	sgC9orf47_3
sgBPY2C_2	sgALAS2_3	NA	NA	NA	sgC9orf47_4
sgBPY2C_3	sgALDH1B1_3	NA	NA	NA	sgC9orf57_4
sgBPY2C_4	sgALDH2_1	NA	NA	NA	sgCABP1_1
sgBPY2_1	sgALDH3B1_4	NA	NA	NA	sgCABP1_4
sgBPY2_2	sgALDH3B2_2	NA	NA	NA	sgCABYR_2
sgBPY2_3	sgALDH7A1_3	NA	NA	NA	sgCABYR_3
sgBPY2_4	sgALDOA_1	NA	NA	NA	sgCABYR_4
sgBTF3L4_1	sgALG10B_2	NA	NA	NA	sgCACNB1_1
sgBTF3L4_2	sgALG10B_3	NA	NA	NA	sgCACNB1_3
sgBTF3L4_3	sgALG10_2	NA	NA	NA	sgCALCA_3
sgBTF3L4_4	sgALG10_4	NA	NA	NA	sgCALML4_3
sgBTF3_1	sgALG11_1	NA	NA	NA	sgCAMTA1_3
sgBTF3_2	sgALG14_3	NA	NA	NA	sgCAPN2_4
sgBTF3_3	sgALG1_2	NA	NA	NA	sgCAPN6_2
sgBTF3_4	sgALG3_1	NA	NA	NA	sgCAPN7_2
sgC11orf73_4	sgALG8_4	NA	NA	NA	sgCAPS2_3
sgC1D_1	sgALKBH3_1	NA	NA	NA	sgCAPZA1_1
sgC1QTNF9B_1	sgALKBH8_3	NA	NA	NA	sgCARD16_3
sgC1QTNF9B_3	sgALOX15B_4	NA	NA	NA	sgCARD16_4
sgC1QTNF9B_4	sgALOX5AP_1	NA	NA	NA	sgCASP2_4
sgC1QTNF9_2	sgALPI_1	NA	NA	NA	sgCASP5_2
sgC1QTNF9_3	sgALPI_4	NA	NA	NA	sgCASP6_2
sgC1orf68_1	sgALPPL2_1	NA	NA	NA	sgCASP8_1
sgC4A_1	sgALPPL2_2	NA	NA	NA	sgCCDC106_4
sgC4A_2	sgALPPL2_4	NA	NA	NA	sgCCDC114_3
sgC4A_3	sgALPP_1	NA	NA	NA	sgCCDC129_2
sgC4B_1	sgALPP_2	NA	NA	NA	sgCCDC167_4
sgC4B_2	sgALPP_3	NA	NA	NA	sgCCDC28A_2
sgC4B_4	sgALPP_4	NA	NA	NA	sgCCDC28A_3
sgC4orf46_3	sgALYREF_4	NA	NA	NA	sgCCDC28A_4
sgC4orf46_4	sgAMACR_2	NA	NA	NA	sgCCDC28B_1
sgCACYBP_2	sgAMBN_3	NA	NA	NA	sgCCDC42B_4
sgCACYBP_3	sgAMBN_4	NA	NA	NA	sgCCDC53_3
sgCBWD1_1	sgAMD1_1	NA	NA	NA	sgCCDC83_1
sgCBWD1_3	sgAMD1_4	NA	NA	NA	sgCCDC88C_3
sgCBWD5_1	sgAMDHD1_4	NA	NA	NA	sgCCL14_1
sgCBWD5_2	sgAMELX_1	NA	NA	NA	sgCCL2_4
sgCBWD5_3	sgAMELY_2	NA	NA	NA	sgCCL5_4
sgCBWD5_4	sgAMELY_3	NA	NA	NA	sgCCNJ_1
sgCBWD6_2	sgAMH_3	NA	NA	NA	sgCCNO_4
sgCBWD6_3	sgAMMECR1L_2	NA	NA	NA	sgCCNY_3
sgCBX1_2	sgAMY2A_2	NA	NA	NA	sgCCT4_2
sgCCDC144A_1	sgAMY2B_1	NA	NA	NA	sgCD27_4
sgCCDC144A_4	sgAMY2B_3	NA	NA	NA	sgCD3E_2
sgCCDC58_3	sgAMZ2_2	NA	NA	NA	sgCD52_1
sgCCDC58_4	sgAMZ2_3	NA	NA	NA	sgCD52_4
sgCCDC74A_1	sgANAPC10_3	NA	NA	NA	sgCD82_2
sgCCDC74A_3	sgANAPC1_1	NA	NA	NA	sgCD9_4
sgCCDC74A_4	sgANAPC1_2	NA	NA	NA	sgCDA_1
sgCCDC74B_2	sgANAPC1_3	NA	NA	NA	sgCDC20_1
sgCCL3L3_1	sgANGPT2_2	NA	NA	NA	sgCDIPT_1
sgCCL3L3_3	sgANGPT2_4	NA	NA	NA	sgCDK18_2
sgCCL3L3_4	sgANG_3	NA	NA	NA	sgCDK9_2
sgCCL3_2	sgANHX_2	NA	NA	NA	sgCELA3B_2
sgCCL4L2_1	sgANK1_3	NA	NA	NA	sgCENPI_3
sgCCL4L2_2	sgANKFN1_1	NA	NA	NA	sgCENPU_2
sgCCL4L2_3	sgANKRD11_3	NA	NA	NA	sgCERKL_2
sgCCL4L2_4	sgANKRD18B_2	NA	NA	NA	sgCFAP69_1
sgCCL4_2	sgANKRD18B_3	NA	NA	NA	sgCFC1B_1
sgCCZ1B_1	sgANKRD30A_3	NA	NA	NA	sgCHAT_1
sgCCZ1B_2	sgANKRD30B_1	NA	NA	NA	sgCHCHD3_4
sgCCZ1B_3	sgANKRD33B_4	NA	NA	NA	sgCHMP4A_3
sgCCZ1_1	sgANKRD36B_1	NA	NA	NA	sgCHMP5_1
sgCCZ1_2	sgANKRD36B_2	NA	NA	NA	sgCHURC1_1
sgCCZ1_4	sgANKRD36B_4	NA	NA	NA	sgCHURC1_2
sgCD276_3	sgANKRD36_1	NA	NA	NA	sgCIB1_4
sgCD300C_1	sgANKRD36_2	NA	NA	NA	sgCIB2_3
sgCD8B_1	sgANKRD36_4	NA	NA	NA	sgCLCNKA_3
sgCD99_1	sgANKRD49_2	NA	NA	NA	sgCLEC10A_4
sgCD99_2	sgANKRD49_3	NA	NA	NA	sgCLGN_2
sgCD99_3	sgANKRD55_4	NA	NA	NA	sgCLN5_2
sgCD99_4	sgANKRD60_1	NA	NA	NA	sgCLPB_2
sgCDC14B_4	sgANKRD62_3	NA	NA	NA	sgCLPTM1_1
sgCDC26_1	sgANKS1B_1	NA	NA	NA	sgCMPK2_1
sgCDC26_3	sgANKS1B_3	NA	NA	NA	sgCNIH2_1
sgCDC42_1	sgANKS4B_4	NA	NA	NA	sgCNPY3_2
sgCDC42_2	sgANO2_1	NA	NA	NA	sgCOL16A1_2
sgCDC42_4	sgANO2_3	NA	NA	NA	sgCOL23A1_2
sgCDK11B_2	sgANOS1_3	NA	NA	NA	sgCOL24A1_3
sgCDK11B_3	sgANP32A_1	NA	NA	NA	sgCOL2A1_3
sgCDK2AP2_4	sgANP32B_3	NA	NA	NA	sgCOL4A1_1
sgCDRT15L2_1	sgANP32B_4	NA	NA	NA	sgCOL4A4_1
sgCDRT15L2_2	sgANP32D_3	NA	NA	NA	sgCOL9A1_4
sgCDRT15L2_3	sgANP32D_4	NA	NA	NA	sgCOL9A2_1
sgCDRT15_1	sgANTXRL_1	NA	NA	NA	sgCOMP_3
sgCDRT15_2	sgANXA10_1	NA	NA	NA	sgCOPS7A_1
sgCDRT1_4	sgANXA2_3	NA	NA	NA	sgCOX16_3
sgCDY1B_1	sgANXA8L1_3	NA	NA	NA	sgCOX4I1_3
sgCDY1B_2	sgANXA8_4	NA	NA	NA	sgCOX6A1_2
sgCDY1B_3	sgAOC1_4	NA	NA	NA	sgCOX7A2L_2
sgCDY1B_4	sgAOC3_1	NA	NA	NA	sgCOX7A2_2
sgCDY1_1	sgAOC3_4	NA	NA	NA	sgCOX7A2_4
sgCDY1_2	sgAP1S2_4	NA	NA	NA	sgCPNE6_2
sgCDY1_3	sgAP2B1_2	NA	NA	NA	sgCPT1C_4
sgCDY1_4	sgAP2B1_4	NA	NA	NA	sgCR1L_2
sgCDY2A_1	sgAP3M2_2	NA	NA	NA	sgCRYGC_1
sgCDY2A_2	sgAP4S1_2	NA	NA	NA	sgCSF2_4
sgCDY2A_3	sgAP4S1_4	NA	NA	NA	sgCSF3_1
sgCDY2A_4	sgAP5Z1_2	NA	NA	NA	sgCSK_3
sgCDY2B_1	sgAPBB2_2	NA	NA	NA	sgCSNK1A1_3
sgCDY2B_2	sgAPH1A_4	NA	NA	NA	sgCSNK1D_2
sgCDY2B_3	sgAPI5_1	NA	NA	NA	sgCTGF_2
sgCDY2B_4	sgAPI5_2	NA	NA	NA	sgCXCL14_3
sgCEACAM5_2	sgAPI5_4	NA	NA	NA	sgCXCL16_3
sgCEACAM6_2	sgAPIP_4	NA	NA	NA	sgCYB5RL_1
sgCELA2B_2	sgAPLF_1	NA	NA	NA	sgCYTH1_2
sgCELA3A_4	sgAPLP1_2	NA	NA	NA	sgCYYR1_1
sgCENPN_4	sgAPOBEC3B_1	NA	NA	NA	sgDACT3_1
sgCEP170_1	sgAPOBEC3C_2	NA	NA	NA	sgDAOA_1
sgCEP170_3	sgAPOBEC3C_3	NA	NA	NA	sgDAOA_2
sgCES1_1	sgAPOBEC3D_4	NA	NA	NA	sgDAOA_3
sgCES1_2	sgAPOBEC3F_1	NA	NA	NA	sgDBN1_2
sgCES1_3	sgAPOBEC3H_2	NA	NA	NA	sgDBP_4
sgCES1_4	sgAPOC1_3	NA	NA	NA	sgDCP1A_1
sgCFC1B_2	sgAPOL1_2	NA	NA	NA	sgDDC_2
sgCFC1B_3	sgAPOL1_3	NA	NA	NA	sgDEF8_1
sgCFC1B_4	sgAPOL4_2	NA	NA	NA	sgDEFA5_1
sgCFC1_1	sgAPOOL_1	NA	NA	NA	sgDEFB112_2
sgCFC1_2	sgAPOOL_2	NA	NA	NA	sgDEFB112_3
sgCFC1_3	sgAPOO_1	NA	NA	NA	sgDEFB121_4
sgCFC1_4	sgAPOO_2	NA	NA	NA	sgDEFB1_3
sgCGB1_1	sgAQP12A_2	NA	NA	NA	sgDEK_2
sgCGB1_2	sgAQP12A_3	NA	NA	NA	sgDGKK_1
sgCGB1_3	sgAQP12B_1	NA	NA	NA	sgDKKL1_1
sgCGB1_4	sgAQP6_3	NA	NA	NA	sgDLG1_1
sgCGB2_1	sgAQP7_1	NA	NA	NA	sgDLG1_3
sgCGB2_2	sgARCN1_1	NA	NA	NA	sgDNAAF2_4
sgCGB2_3	sgARF1_1	NA	NA	NA	sgDNAAF3_4
sgCGB2_4	sgARF1_4	NA	NA	NA	sgDNAJB12_3
sgCGB5_1	sgARF3_2	NA	NA	NA	sgDNAJB14_4
sgCGB5_2	sgARF5_2	NA	NA	NA	sgDNASE1L1_1
sgCGB5_3	sgARF6_1	NA	NA	NA	sgDOCK3_2
sgCGB5_4	sgARF6_3	NA	NA	NA	sgDOHH_1
sgCGB7_1	sgARGFX_3	NA	NA	NA	sgDOK1_4
sgCGB7_2	sgARHGAP11A_1	NA	NA	NA	sgDOK3_2
sgCGB7_4	sgARHGAP11B_1	NA	NA	NA	sgDOK4_2
sgCGB8_1	sgARHGAP21_3	NA	NA	NA	sgDPPA4_4
sgCGB8_2	sgARHGAP23_4	NA	NA	NA	sgDPY19L2_2
sgCGB8_3	sgARHGAP26_1	NA	NA	NA	sgDST_3
sgCGB8_4	sgARHGAP42_1	NA	NA	NA	sgDUOX1_2
sgCGB_1	sgARHGAP42_3	NA	NA	NA	sgDYNC1I2_4
sgCGB_2	sgARHGAP5_1	NA	NA	NA	sgDYRK4_4
sgCGB_3	sgARHGAP5_4	NA	NA	NA	sgDZIP1L_3
sgCGB_4	sgARHGEF2_3	NA	NA	NA	sgECSIT_2
sgCGRRF1_3	sgARHGEF38_2	NA	NA	NA	sgEFCAB11_1
sgCH17-360D5.1_1	sgARHGEF4_4	NA	NA	NA	sgEFCAB3_4
sgCH17-360D5.1_2	sgARHGEF5_3	NA	NA	NA	sgEFHB_4
sgCH17-360D5.1_3	sgARHGEF5_4	NA	NA	NA	sgEHBP1_3
sgCHCHD2_1	sgARID3B_2	NA	NA	NA	sgEHD2_1
sgCHCHD2_2	sgARID4B_1	NA	NA	NA	sgEHF_4
sgCHCHD4_2	sgARIH2_2	NA	NA	NA	sgEIF1AY_2
sgCHRFAM7A_1	sgARIH2_3	NA	NA	NA	sgEIF2B3_4
sgCHRFAM7A_2	sgARIH2_4	NA	NA	NA	sgEIF3F_3
sgCHRFAM7A_3	sgARL11_2	NA	NA	NA	sgEIF3K_2
sgCHRNA7_2	sgARL14EP_2	NA	NA	NA	sgEIF4G1_3
sgCHRNA7_4	sgARL14EP_4	NA	NA	NA	sgEIF5A_3
sgCISD1_2	sgARL14_3	NA	NA	NA	sgELF3_3
sgCISD1_4	sgARL3_2	NA	NA	NA	sgELL2_3
sgCKMT1A_1	sgARL4A_2	NA	NA	NA	sgEMX2_4
sgCKMT1A_2	sgARL5A_2	NA	NA	NA	sgEPB41L2_4
sgCKMT1A_3	sgARL8B_4	NA	NA	NA	sgEPHA5_3
sgCKMT1A_4	sgARMC10_4	NA	NA	NA	sgERCC2_2
sgCKMT1B_1	sgARMC1_2	NA	NA	NA	sgERCC2_3
sgCKMT1B_2	sgARMCX4_1	NA	NA	NA	sgESYT1_3
sgCKMT1B_3	sgARPC1A_1	NA	NA	NA	sgETNK1_4
sgCKMT1B_4	sgARPC1A_3	NA	NA	NA	sgETNPPL_1
sgCKS1B_3	sgARPC1A_4	NA	NA	NA	sgEVI2A_4
sgCKS1B_4	sgARPC3_1	NA	NA	NA	sgEXOSC10_3
sgCKS2_4	sgARPC3_2	NA	NA	NA	sgFABP4_4
sgCLDN1_2	sgARPC3_3	NA	NA	NA	sgFAM134A_3
sgCLDN22_2	sgARPP19_3	NA	NA	NA	sgFAM134C_4
sgCLDN22_4	sgARSD_4	NA	NA	NA	sgFAM19A3_3
sgCLDN24_2	sgARSF_4	NA	NA	NA	sgFAM19A5_3
sgCLEC18A_1	sgASAH2B_2	NA	NA	NA	sgFAM212A_4
sgCLEC18A_3	sgASB9_4	NA	NA	NA	sgFAM69B_4
sgCLEC18A_4	sgASL_1	NA	NA	NA	sgFANCD2_1
sgCLEC18B_1	sgASL_4	NA	NA	NA	sgFAR2_4
sgCLEC18B_2	sgASNS_3	NA	NA	NA	sgFAU_3
sgCLEC18B_3	sgASPG_4	NA	NA	NA	sgFBRSL1_1
sgCLEC18B_4	sgASPH_3	NA	NA	NA	sgFBRSL1_3
sgCLEC18C_1	sgASPRV1_1	NA	NA	NA	sgFBXL22_1
sgCLEC18C_2	sgASS1_1	NA	NA	NA	sgFBXL22_3
sgCLEC18C_3	sgATAD1_1	NA	NA	NA	sgFBXL22_4
sgCLEC18C_4	sgATAD1_2	NA	NA	NA	sgFBXL2_2
sgCNTNAP3B_1	sgATAD1_3	NA	NA	NA	sgFBXL6_3
sgCNTNAP3B_2	sgATAD3A_1	NA	NA	NA	sgFBXO38_2
sgCNTNAP3B_3	sgATAD3A_2	NA	NA	NA	sgFCGR2A_2
sgCNTNAP3B_4	sgATAD3A_4	NA	NA	NA	sgFER1L5_2
sgCOPS8_1	sgATAD3B_1	NA	NA	NA	sgFER1L6_2
sgCOX20_1	sgATAD3B_2	NA	NA	NA	sgFGD1_1
sgCOX20_2	sgATAD3B_3	NA	NA	NA	sgFGF12_2
sgCOX20_4	sgATAD3C_1	NA	NA	NA	sgFGF12_3
sgCOX6A1_3	sgATAD3C_2	NA	NA	NA	sgFGF18_3
sgCOX6A1_4	sgATF4_1	NA	NA	NA	sgFGF2_2
sgCOX7B_3	sgATF4_4	NA	NA	NA	sgFGF2_4
sgCOX7B_4	sgATG12_2	NA	NA	NA	sgFGFR2_4
sgCR1_3	sgATG12_3	NA	NA	NA	sgFIBCD1_2
sgCR1_4	sgATG12_4	NA	NA	NA	sgFMN1_1
sgCRLF2_1	sgATG4A_2	NA	NA	NA	sgFMN1_2
sgCRLF2_2	sgATG4A_4	NA	NA	NA	sgFMNL3_4
sgCRLF2_3	sgATMIN_1	NA	NA	NA	sgFOXN4_2
sgCRLF2_4	sgATMIN_2	NA	NA	NA	sgFOXQ1_4
sgCRYGC_2	sgATMIN_3	NA	NA	NA	sgFRA10AC1_2
sgCSAG3_1	sgATMIN_4	NA	NA	NA	sgFSTL3_1
sgCSAG3_2	sgATOH7_1	NA	NA	NA	sgFTSJ1_2
sgCSAG3_3	sgATP10A_4	NA	NA	NA	sgGABBR1_4
sgCSAG3_4	sgATP13A3_4	NA	NA	NA	sgGAGE12J_1
sgCSF2RA_1	sgATP13A4_3	NA	NA	NA	sgGAGE12J_2
sgCSF2RA_2	sgATP1A3_1	NA	NA	NA	sgGALNT16_3
sgCSF2RA_3	sgATP1B1_1	NA	NA	NA	sgGBAS_1
sgCSF2RA_4	sgATP1B1_2	NA	NA	NA	sgGCAT_1
sgCSH1_1	sgATP1B1_4	NA	NA	NA	sgGCNT2_1
sgCSH1_2	sgATP1B2_1	NA	NA	NA	sgGCNT2_3
sgCSH1_3	sgATP1B2_3	NA	NA	NA	sgGCNT2_4
sgCSH1_4	sgATP1B3_2	NA	NA	NA	sgGDAP1L1_3
sgCSH2_1	sgATP1B3_3	NA	NA	NA	sgGDF9_4
sgCSH2_2	sgATP2A2_1	NA	NA	NA	sgGHR_2
sgCSH2_3	sgATP2C2_3	NA	NA	NA	sgGLI1_4
sgCSH2_4	sgATP5A1_2	NA	NA	NA	sgGLRA2_2
sgCSNK2A3_3	sgATP5A1_3	NA	NA	NA	sgGLTSCR2_2
sgCT45A10_4	sgATP5C1_1	NA	NA	NA	sgGMPS_3
sgCT45A1_1	sgATP5D_1	NA	NA	NA	sgGNAL_3
sgCT45A1_2	sgATP5E_2	NA	NA	NA	sgGNAL_4
sgCT45A2_1	sgATP5F1_1	NA	NA	NA	sgGNB2_3
sgCT45A3_1	sgATP5F1_2	NA	NA	NA	sgGNG13_4
sgCT45A3_2	sgATP5G1_1	NA	NA	NA	sgGNL1_4
sgCT45A3_3	sgATP5G1_2	NA	NA	NA	sgGNL2_3
sgCT45A3_4	sgATP5G2_2	NA	NA	NA	sgGNPTG_1
sgCT45A5_1	sgATP5G2_3	NA	NA	NA	sgGP6_4
sgCT45A5_3	sgATP5G2_4	NA	NA	NA	sgGPIHBP1_3
sgCT45A5_4	sgATP5H_1	NA	NA	NA	sgGPR142_4
sgCT45A7_1	sgATP5J_4	NA	NA	NA	sgGPR158_3
sgCT45A7_2	sgATP5L2_1	NA	NA	NA	sgGRAMD4_1
sgCT45A7_3	sgATP5L2_4	NA	NA	NA	sgGRB10_1
sgCT45A7_4	sgATP5L_4	NA	NA	NA	sgGRB10_3
sgCT45A9_1	sgATP5O_3	NA	NA	NA	sgGRIN1_4
sgCT45A9_2	sgATP6V0A2_3	NA	NA	NA	sgGRIPAP1_1
sgCT45A9_3	sgATP6V0C_4	NA	NA	NA	sgGSK3A_2
sgCT45A9_4	sgATP6V0E1_2	NA	NA	NA	sgGTF3C6_1
sgCT47A11_1	sgATP6V0E1_4	NA	NA	NA	sgGUCA1B_2
sgCT47A11_2	sgATP6V1E1_4	NA	NA	NA	sgH2BFWT_2
sgCT47A11_3	sgATP6V1F_4	NA	NA	NA	sgHADHB_1
sgCT47A11_4	sgATP6V1G1_3	NA	NA	NA	sgHAT1_2
sgCT47A1_1	sgATP8B2_4	NA	NA	NA	sgHAUS5_3
sgCT47A1_2	sgATP8B4_2	NA	NA	NA	sgHCST_3
sgCT47A1_3	sgATRAID_1	NA	NA	NA	sgHDAC11_3
sgCT47A1_4	sgATRNL1_4	NA	NA	NA	sgHEG1_3
sgCT47A2_1	sgAURKA_4	NA	NA	NA	sgHEMGN_4
sgCT47A2_2	sgAURKC_3	NA	NA	NA	sgHGS_1
sgCT47A2_3	sgAVPR1A_3	NA	NA	NA	sgHIF1A_4
sgCT47A2_4	sgAZGP1_3	NA	NA	NA	sgHLA-B_2
sgCT47A3_1	sgAZU1_2	NA	NA	NA	sgHLA-DMB_2
sgCT47A3_2	sgB3GALNT1_4	NA	NA	NA	sgHLA-DPA1_2
sgCT47A3_3	sgB3GALNT2_4	NA	NA	NA	sgHLA-DQA1_4
sgCT47A3_4	sgB3GAT3_3	NA	NA	NA	sgHLA-DQB1_1
sgCT47A4_1	sgB3GAT3_4	NA	NA	NA	sgHLA-DQB1_2
sgCT47A4_2	sgB9D2_3	NA	NA	NA	sgHMGCLL1_2
sgCT47A4_3	sgBAK1_2	NA	NA	NA	sgHNF4A_2
sgCT47A4_4	sgBAK1_4	NA	NA	NA	sgHORMAD1_1
sgCT47A5_1	sgBANF2_1	NA	NA	NA	sgHRASLS5_4
sgCT47A5_2	sgBANP_1	NA	NA	NA	sgHRASLS_2
sgCT47A5_3	sgBANP_2	NA	NA	NA	sgHRASLS_3
sgCT47A5_4	sgBANP_4	NA	NA	NA	sgHS3ST6_3
sgCTAG1A_1	sgBBS9_1	NA	NA	NA	sgHTR3E_1
sgCTAG1A_2	sgBCAP31_4	NA	NA	NA	sgIDH3B_2
sgCTAG1A_3	sgBCAS2_1	NA	NA	NA	sgIFI27L1_1
sgCTAG1A_4	sgBCL2A1_3	NA	NA	NA	sgIFI27L2_4
sgCTAG1B_1	sgBCL2L12_3	NA	NA	NA	sgIFI35_2
sgCTAG1B_2	sgBCL2L13_4	NA	NA	NA	sgIFNGR1_1
sgCTAG1B_3	sgBCL3_1	NA	NA	NA	sgIFT43_1
sgCTAG1B_4	sgBCLAF1_4	NA	NA	NA	sgIGSF9_1
sgCTAGE15_1	sgBCO1_2	NA	NA	NA	sgIL10RA_2
sgCTAGE15_2	sgBDH2_1	NA	NA	NA	sgIL17RC_2
sgCTAGE15_3	sgBEND3_1	NA	NA	NA	sgIL17RE_2
sgCTAGE15_4	sgBEND3_3	NA	NA	NA	sgIL25_2
sgCTAGE4_1	sgBEX1_4	NA	NA	NA	sgIL32_2
sgCTAGE4_3	sgBEX2_4	NA	NA	NA	sgIL9_3
sgCTAGE4_4	sgBEX5_4	NA	NA	NA	sgIMPDH2_2
sgCTAGE6_1	sgBHLHB9_2	NA	NA	NA	sgIQCE_2
sgCTAGE6_2	sgBHLHE23_3	NA	NA	NA	sgIQCJ_2
sgCTAGE6_3	sgBLCAP_4	NA	NA	NA	sgISOC2_1
sgCTAGE6_4	sgBLK_1	NA	NA	NA	sgITGA8_2
sgCTAGE9_2	sgBLM_2	NA	NA	NA	sgITGAL_1
sgCTAGE9_3	sgBLOC1S2_4	NA	NA	NA	sgITGB1BP1_2
sgCTAGE9_4	sgBLOC1S5_2	NA	NA	NA	sgITPKA_3
sgCTRB1_1	sgBMP10_3	NA	NA	NA	sgIZUMO3_2
sgCTRB1_3	sgBMP3_4	NA	NA	NA	sgJSRP1_3
sgCTRB1_4	sgBMP8A_1	NA	NA	NA	sgJTB_4
sgCTRB2_2	sgBMP8A_4	NA	NA	NA	sgKAZN_4
sgCTRB2_3	sgBMP8B_4	NA	NA	NA	sgKCNAB1_4
sgCTRB2_4	sgBMPER_1	NA	NA	NA	sgKCNAB2_2
sgCXCL1_3	sgBMPR1A_1	NA	NA	NA	sgKCNE4_1
sgCXCL1_4	sgBMPR1A_2	NA	NA	NA	sgKCNH2_3
sgCXCL2_4	sgBMS1_1	NA	NA	NA	sgKCNIP4_2
sgCXCL3_1	sgBNIP3_2	NA	NA	NA	sgKCNMB3_4
sgCXorf40A_2	sgBNIP3_4	NA	NA	NA	sgKCTD14_3
sgCXorf40A_4	sgBOD1_4	NA	NA	NA	sgKERA_2
sgCXorf40B_1	sgBOLA3_4	NA	NA	NA	sgKIAA0141_4
sgCXorf40B_3	sgBPIFB6_3	NA	NA	NA	sgKIAA0754_1
sgCXorf40B_4	sgBRAF_4	NA	NA	NA	sgKIAA0754_2
sgCXorf49B_1	sgBRCA1_2	NA	NA	NA	sgKIAA0754_3
sgCXorf49B_2	sgBRD7_2	NA	NA	NA	sgKIAA0754_4
sgCXorf49B_3	sgBRD7_4	NA	NA	NA	sgKIAA1210_1
sgCXorf49B_4	sgBRI3_3	NA	NA	NA	sgKIAA1210_3
sgCXorf49_1	sgBRMS1_1	NA	NA	NA	sgKIF9_4
sgCXorf49_2	sgBST1_2	NA	NA	NA	sgKISS1_2
sgCXorf49_3	sgBTBD10_4	NA	NA	NA	sgKLHL12_2
sgCXorf49_4	sgBTBD16_2	NA	NA	NA	sgKLK14_4
sgCXorf51A_1	sgBTBD1_4	NA	NA	NA	sgKLRC3_4
sgCXorf51A_2	sgBTBD6_2	NA	NA	NA	sgKLRF2_4
sgCXorf51A_3	sgBTBD6_3	NA	NA	NA	sgKPNA2_4
sgCXorf51A_4	sgBTBD7_2	NA	NA	NA	sgKRT77_2
sgCXorf51B_1	sgBTBD7_3	NA	NA	NA	sgKRTAP4-9_3
sgCXorf51B_2	sgBTG1_2	NA	NA	NA	sgKRTCAP2_1
sgCXorf51B_3	sgBTG4_4	NA	NA	NA	sgKRTCAP3_1
sgCYCS_1	sgBTK_3	NA	NA	NA	sgKYNU_1
sgCYCS_4	sgBTLA_2	NA	NA	NA	sgLAMB2_2
sgCYP2A13_1	sgBTN2A2_2	NA	NA	NA	sgLAMTOR5_1
sgCYP2D6_3	sgBTN3A2_2	NA	NA	NA	sgLAMTOR5_3
sgCYP4Z1_2	sgBTN3A3_3	NA	NA	NA	sgLAPTM4B_1
sgDAZ1_1	sgBTN3A3_4	NA	NA	NA	sgLARS_1
sgDAZ1_2	sgBUB1_3	NA	NA	NA	sgLASP1_2
sgDAZ1_3	sgBUB3_3	NA	NA	NA	sgLAT_3
sgDAZ1_4	sgBUD13_1	NA	NA	NA	sgLCN15_1
sgDAZ2_1	sgBZW1_2	NA	NA	NA	sgLCN9_4
sgDAZ2_2	sgBZW1_3	NA	NA	NA	sgLCORL_3
sgDAZ2_3	sgC10orf2_4	NA	NA	NA	sgLCORL_4
sgDAZ2_4	sgC10orf88_1	NA	NA	NA	sgLCOR_1
sgDAZ3_1	sgC10orf90_4	NA	NA	NA	sgLCOR_2
sgDAZ3_2	sgC11orf24_3	NA	NA	NA	sgLCOR_3
sgDAZ3_3	sgC11orf24_4	NA	NA	NA	sgLDHAL6A_4
sgDAZ3_4	sgC11orf73_1	NA	NA	NA	sgLDHD_1
sgDAZ4_1	sgC11orf74_1	NA	NA	NA	sgLGALS8_1
sgDAZ4_2	sgC11orf74_4	NA	NA	NA	sgLGALS8_4
sgDAZ4_3	sgC12orf29_3	NA	NA	NA	sgLGR4_1
sgDAZ4_4	sgC12orf45_4	NA	NA	NA	sgLIAS_2
sgDBF4_2	sgC12orf49_1	NA	NA	NA	sgLIM2_1
sgDDA1_3	sgC12orf54_3	NA	NA	NA	sgLIMCH1_3
sgDDTL_2	sgC12orf56_1	NA	NA	NA	sgLIMCH1_4
sgDEFA1B_1	sgC12orf65_2	NA	NA	NA	sgLIMS2_1
sgDEFA1B_2	sgC12orf71_1	NA	NA	NA	sgLIMS2_2
sgDEFA1B_3	sgC12orf71_4	NA	NA	NA	sgLIPF_2
sgDEFA1B_4	sgC12orf73_2	NA	NA	NA	sgLIPI_3
sgDEFA1_1	sgC12orf76_4	NA	NA	NA	sgLMBR1L_2
sgDEFA1_2	sgC14orf119_4	NA	NA	NA	sgLMF2_4
sgDEFA1_3	sgC14orf132_2	NA	NA	NA	sgLPCAT4_4
sgDEFA1_4	sgC14orf166_4	NA	NA	NA	sgLRRC42_1
sgDEFA3_1	sgC14orf169_2	NA	NA	NA	sgLRRC45_4
sgDEFA3_2	sgC14orf1_2	NA	NA	NA	sgLRRFIP1_3
sgDEFA3_3	sgC14orf2_1	NA	NA	NA	sgLSM14B_4
sgDEFA3_4	sgC14orf2_2	NA	NA	NA	sgLSP1_3
sgDEFB103A_1	sgC14orf39_2	NA	NA	NA	sgLY6G5B_3
sgDEFB103A_2	sgC15orf40_1	NA	NA	NA	sgLY6G5B_4
sgDEFB103A_3	sgC15orf52_2	NA	NA	NA	sgLYPLA2_4
sgDEFB103A_4	sgC16orf52_4	NA	NA	NA	sgLYZL1_1
sgDEFB104B_1	sgC16orf72_4	NA	NA	NA	sgMAP10_4
sgDEFB104B_2	sgC17orf58_1	NA	NA	NA	sgMAP3K12_1
sgDEFB104B_3	sgC17orf58_2	NA	NA	NA	sgMAP4K4_2
sgDEFB104B_4	sgC17orf58_4	NA	NA	NA	sgMAPK13_4
sgDEFB105A_1	sgC17orf74_1	NA	NA	NA	sgMAPK9_3
sgDEFB105A_2	sgC17orf89_4	NA	NA	NA	sgMAT1A_2
sgDEFB105A_3	sgC18orf25_1	NA	NA	NA	sgMCFD2_3
sgDEFB105A_4	sgC18orf25_3	NA	NA	NA	sgMCRS1_4
sgDEFB105B_1	sgC18orf32_1	NA	NA	NA	sgMDFIC_3
sgDEFB105B_2	sgC19orf33_3	NA	NA	NA	sgMDGA1_3
sgDEFB105B_3	sgC19orf53_1	NA	NA	NA	sgMED13L_1
sgDEFB105B_4	sgC19orf70_3	NA	NA	NA	sgMED21_3
sgDEFB106A_1	sgC1D_2	NA	NA	NA	sgMED24_3
sgDEFB106A_2	sgC1D_4	NA	NA	NA	sgMED29_4
sgDEFB106A_3	sgC1GALT1_3	NA	NA	NA	sgMEF2A_4
sgDEFB106A_4	sgC1QBP_1	NA	NA	NA	sgMEST_2
sgDEFB106B_1	sgC1QBP_2	NA	NA	NA	sgMETRN_3
sgDEFB106B_2	sgC1QTNF9B_2	NA	NA	NA	sgMETTL1_1
sgDEFB107A_1	sgC1QTNF9_1	NA	NA	NA	sgMFAP5_1
sgDEFB107A_2	sgC1QTNF9_4	NA	NA	NA	sgMFRP_4
sgDEFB107A_3	sgC1orf131_3	NA	NA	NA	sgMFSD11_2
sgDEFB107A_4	sgC1orf141_3	NA	NA	NA	sgMFSD7_1
sgDEFB107B_1	sgC1orf226_1	NA	NA	NA	sgMGMT_2
sgDEFB108B_1	sgC20orf141_1	NA	NA	NA	sgMICALCL_1
sgDEFB108B_3	sgC20orf194_4	NA	NA	NA	sgMICALCL_2
sgDEFB131_1	sgC20orf195_3	NA	NA	NA	sgMICALCL_3
sgDEFB4A_1	sgC20orf203_2	NA	NA	NA	sgMICALCL_4
sgDEFB4A_2	sgC20orf27_2	NA	NA	NA	sgMLX_2
sgDEFB4A_3	sgC22orf23_4	NA	NA	NA	sgMMAB_2
sgDEFB4A_4	sgC22orf42_2	NA	NA	NA	sgMME_3
sgDEFB4B_2	sgC22orf42_3	NA	NA	NA	sgMMP26_4
sgDEFB4B_4	sgC2CD4B_1	NA	NA	NA	sgMMP8_2
sgDEPDC1_1	sgC2CD4D_3	NA	NA	NA	sgMON1A_2
sgDESI2_4	sgC2CD5_4	NA	NA	NA	sgMON1A_4
sgDEXI_1	sgC2orf69_1	NA	NA	NA	sgMPP3_1
sgDEXI_2	sgC2orf80_1	NA	NA	NA	sgMRI1_2
sgDEXI_4	sgC3orf22_4	NA	NA	NA	sgMRPL54_4
sgDHFR_3	sgC4BPB_3	NA	NA	NA	sgMRPS14_3
sgDHFR_4	sgC4orf27_1	NA	NA	NA	sgMRPS24_2
sgDHRS4_4	sgC4orf27_2	NA	NA	NA	sgMS4A12_3
sgDHRSX_1	sgC4orf27_3	NA	NA	NA	sgMT1G_1
sgDHRSX_2	sgC4orf27_4	NA	NA	NA	sgMTFR1_4
sgDHRSX_3	sgC4orf32_1	NA	NA	NA	sgMTRF1L_1
sgDHRSX_4	sgC4orf32_4	NA	NA	NA	sgMTUS1_3
sgDHX40_1	sgC4orf46_2	NA	NA	NA	sgMTX2_1
sgDMBT1_3	sgC5orf63_2	NA	NA	NA	sgMUL1_4
sgDMBT1_4	sgC5orf63_3	NA	NA	NA	sgMYO6_1
sgDMRTC1B_1	sgC5orf63_4	NA	NA	NA	sgNAA20_3
sgDMRTC1B_2	sgC6orf106_3	NA	NA	NA	sgNAA38_2
sgDMRTC1B_3	sgC6orf106_4	NA	NA	NA	sgNAP1L4_4
sgDMRTC1B_4	sgC6orf10_1	NA	NA	NA	sgNAPA_4
sgDMRTC1_1	sgC6orf10_3	NA	NA	NA	sgNARFL_2
sgDMRTC1_2	sgC6orf10_4	NA	NA	NA	sgNARR_1
sgDMRTC1_3	sgC6orf120_3	NA	NA	NA	sgNARR_2
sgDMRTC1_4	sgC6orf141_2	NA	NA	NA	sgNARR_3
sgDNAJB6_1	sgC6orf203_3	NA	NA	NA	sgNARR_4
sgDNAJB6_3	sgC7orf50_2	NA	NA	NA	sgNAT6_2
sgDNAJC19_1	sgC7orf57_1	NA	NA	NA	sgNCF1_1
sgDPCR1_1	sgC7orf57_2	NA	NA	NA	sgNCF4_1
sgDPPA3_1	sgC7orf73_3	NA	NA	NA	sgNDUFB1_2
sgDPPA3_3	sgC8orf48_3	NA	NA	NA	sgNDUFB1_3
sgDPY30_1	sgC8orf48_4	NA	NA	NA	sgNDUFB7_3
sgDRICH1_2	sgC8orf4_1	NA	NA	NA	sgNDUFC2_2
sgDSTN_1	sgC8orf59_2	NA	NA	NA	sgNDUFC2_4
sgDSTN_2	sgC8orf89_2	NA	NA	NA	sgNDUFS2_2
sgDSTN_4	sgC9orf114_4	NA	NA	NA	sgNDUFS2_3
sgDTD2_2	sgC9orf117_4	NA	NA	NA	sgNEBL_1
sgDTWD1_1	sgC9orf131_3	NA	NA	NA	sgNEBL_2
sgDUSP22_1	sgC9orf153_3	NA	NA	NA	sgNEBL_4
sgDUSP22_2	sgC9orf16_1	NA	NA	NA	sgNECAB2_4
sgDUSP22_3	sgC9orf172_1	NA	NA	NA	sgNECAP1_2
sgDUSP22_4	sgC9orf172_2	NA	NA	NA	sgNECAP2_1
sgDUX4_1	sgC9orf172_3	NA	NA	NA	sgNEFH_1
sgDUX4_2	sgC9orf57_3	NA	NA	NA	sgNEIL1_4
sgDUX4_3	sgC9orf78_4	NA	NA	NA	sgNEK10_4
sgDUX4_4	sgC9orf85_2	NA	NA	NA	sgNELFA_2
sgDYNLL1_1	sgC9orf85_3	NA	NA	NA	sgNELL1_3
sgDYNLL1_2	sgCA13_3	NA	NA	NA	sgNFASC_2
sgEBPL_4	sgCA14_3	NA	NA	NA	sgNFKBIE_2
sgEEF1A1_2	sgCA5A_1	NA	NA	NA	sgNFKBIE_3
sgEEF1A1_3	sgCA5A_2	NA	NA	NA	sgNGDN_1
sgEEF1A1_4	sgCA5A_3	NA	NA	NA	sgNHP2_1
sgEEF1B2_2	sgCA5A_4	NA	NA	NA	sgNIPAL3_1
sgEEF1B2_3	sgCABP2_1	NA	NA	NA	sgNKX1-2_3
sgEEF1B2_4	sgCABP5_1	NA	NA	NA	sgNKX6-1_1
sgEEF1G_3	sgCACFD1_3	NA	NA	NA	sgNKX6-3_2
sgEIF1AX_1	sgCALCA_2	NA	NA	NA	sgNKX6-3_3
sgEIF1_2	sgCALCA_4	NA	NA	NA	sgNKX6-3_4
sgEIF1_3	sgCALCB_2	NA	NA	NA	sgNLE1_1
sgEIF2S2_2	sgCALM1_1	NA	NA	NA	sgNLRP4_4
sgEIF2S2_4	sgCALM1_2	NA	NA	NA	sgNMB_3
sgEIF3CL_1	sgCALM1_4	NA	NA	NA	sgNOBOX_1
sgEIF3CL_2	sgCALM3_2	NA	NA	NA	sgNOBOX_2
sgEIF3CL_3	sgCANX_3	NA	NA	NA	sgNOBOX_3
sgEIF3CL_4	sgCAP1_1	NA	NA	NA	sgNOP16_1
sgEIF3C_1	sgCAP1_4	NA	NA	NA	sgNOXA1_1
sgEIF3C_2	sgCAP2_4	NA	NA	NA	sgNPAS3_3
sgEIF3C_3	sgCAPN2_2	NA	NA	NA	sgNPDC1_2
sgEIF3C_4	sgCAPN6_3	NA	NA	NA	sgNPY_3
sgEIF3F_4	sgCAPNS1_2	NA	NA	NA	sgNRBP1_4
sgEIF4B_1	sgCAPZA1_3	NA	NA	NA	sgNRD1_3
sgEIF4B_4	sgCAPZA2_3	NA	NA	NA	sgNREP_1
sgEIF4E_1	sgCAPZA2_4	NA	NA	NA	sgNRXN1_3
sgEIF4E_3	sgCARD16_1	NA	NA	NA	sgNRXN3_4
sgEIF5AL1_1	sgCARD16_2	NA	NA	NA	sgNSG1_2
sgEIF5AL1_2	sgCARHSP1_1	NA	NA	NA	sgNT5C1B_3
sgEIF5AL1_3	sgCARHSP1_2	NA	NA	NA	sgNT5DC2_1
sgEIF5AL1_4	sgCASC3_3	NA	NA	NA	sgNT5DC2_3
sgEMB_3	sgCASC4_2	NA	NA	NA	sgODF2L_1
sgENSA_1	sgCASC4_3	NA	NA	NA	sgODF2L_4
sgERVV-1_2	sgCASP1_1	NA	NA	NA	sgOGFOD3_4
sgERVV-1_3	sgCASP1_3	NA	NA	NA	sgOR10C1_4
sgERVV-1_4	sgCASP1_4	NA	NA	NA	sgOR11A1_3
sgERVV-2_2	sgCASP5_3	NA	NA	NA	sgOR13C3_4
sgERVV-2_3	sgCASP5_4	NA	NA	NA	sgOR13D1_4
sgERVV-2_4	sgCASQ2_3	NA	NA	NA	sgOR1E2_2
sgF8A1_1	sgCATSPER2_1	NA	NA	NA	sgOR2A1_3
sgF8A1_2	sgCATSPER2_3	NA	NA	NA	sgOR2T1_1
sgF8A1_3	sgCBLN4_3	NA	NA	NA	sgOR2T3_4
sgF8A1_4	sgCBR3_2	NA	NA	NA	sgOR2T8_4
sgF8A2_1	sgCBWD1_2	NA	NA	NA	sgOR4A15_1
sgF8A2_2	sgCBWD1_4	NA	NA	NA	sgOR4K17_3
sgF8A2_3	sgCBWD2_1	NA	NA	NA	sgOR4X1_3
sgF8A2_4	sgCBWD2_2	NA	NA	NA	sgOR51T1_3
sgF8A3_1	sgCBWD2_3	NA	NA	NA	sgOR56A4_1
sgF8A3_2	sgCBWD6_1	NA	NA	NA	sgOR56A4_2
sgF8A3_3	sgCBWD6_4	NA	NA	NA	sgOR5AU1_2
sgF8A3_4	sgCBX3_2	NA	NA	NA	sgOR7G2_3
sgFABP5_3	sgCBX3_4	NA	NA	NA	sgOR8G5_3
sgFABP5_4	sgCC2D1A_4	NA	NA	NA	sgOR8J3_1
sgFAHD2B_2	sgCCAR1_4	NA	NA	NA	sgOR8S1_4
sgFAM103A1_1	sgCCAR2_4	NA	NA	NA	sgOR9K2_4
sgFAM103A1_2	sgCCBL2_3	NA	NA	NA	sgOTUD6B_3
sgFAM103A1_3	sgCCDC101_1	NA	NA	NA	sgP2RX1_2
sgFAM103A1_4	sgCCDC101_3	NA	NA	NA	sgPABPC4L_3
sgFAM133B_1	sgCCDC102B_1	NA	NA	NA	sgPABPC4L_4
sgFAM153A_1	sgCCDC102B_3	NA	NA	NA	sgPADI3_1
sgFAM153A_3	sgCCDC121_1	NA	NA	NA	sgPAFAH1B2_2
sgFAM156A_1	sgCCDC121_3	NA	NA	NA	sgPAGE5_2
sgFAM156A_2	sgCCDC121_4	NA	NA	NA	sgPAGE5_4
sgFAM156A_3	sgCCDC137_1	NA	NA	NA	sgPANK2_1
sgFAM156A_4	sgCCDC137_3	NA	NA	NA	sgPANK2_3
sgFAM156B_1	sgCCDC138_3	NA	NA	NA	sgPAPSS2_3
sgFAM156B_2	sgCCDC13_3	NA	NA	NA	sgPARD3B_3
sgFAM156B_3	sgCCDC144A_3	NA	NA	NA	sgPARN_1
sgFAM156B_4	sgCCDC177_2	NA	NA	NA	sgPAX4_2
sgFAM185A_1	sgCCDC180_1	NA	NA	NA	sgPCIF1_4
sgFAM185A_2	sgCCDC181_1	NA	NA	NA	sgPCMT1_1
sgFAM209A_4	sgCCDC181_3	NA	NA	NA	sgPCYOX1_4
sgFAM21A_1	sgCCDC182_2	NA	NA	NA	sgPDE1C_4
sgFAM21C_2	sgCCDC183_4	NA	NA	NA	sgPDE4B_2
sgFAM21C_3	sgCCDC28A_1	NA	NA	NA	sgPDE4D_2
sgFAM21C_4	sgCCDC28B_4	NA	NA	NA	sgPDE9A_4
sgFAM25A_1	sgCCDC34_1	NA	NA	NA	sgPDGFA_3
sgFAM25A_2	sgCCDC58_1	NA	NA	NA	sgPDLIM1_3
sgFAM25C_1	sgCCDC59_1	NA	NA	NA	sgPDPN_1
sgFAM25C_2	sgCCDC59_2	NA	NA	NA	sgPDPN_3
sgFAM25C_3	sgCCDC59_4	NA	NA	NA	sgPDYN_2
sgFAM25C_4	sgCCDC74A_2	NA	NA	NA	sgPEBP1_3
sgFAM25G_1	sgCCDC74B_1	NA	NA	NA	sgPES1_3
sgFAM25G_2	sgCCDC74B_3	NA	NA	NA	sgPEX14_2
sgFAM25G_3	sgCCDC74B_4	NA	NA	NA	sgPEX5L_4
sgFAM25G_4	sgCCDC81_2	NA	NA	NA	sgPF4_3
sgFAM35A_3	sgCCDC84_3	NA	NA	NA	sgPFN2_4
sgFAM35A_4	sgCCDC86_4	NA	NA	NA	sgPHB_3
sgFAM3C_1	sgCCDC90B_1	NA	NA	NA	sgPHF7_2
sgFAM3C_3	sgCCDC90B_2	NA	NA	NA	sgPHGR1_2
sgFAM45A_2	sgCCDC90B_4	NA	NA	NA	sgPHKG2_3
sgFAM45A_3	sgCCDC93_3	NA	NA	NA	sgPHYHD1_2
sgFAM60A_3	sgCCL11_3	NA	NA	NA	sgPHYHD1_3
sgFAM86B1_1	sgCCL13_1	NA	NA	NA	sgPIAS3_1
sgFAM86B1_2	sgCCL19_4	NA	NA	NA	sgPIF1_3
sgFAM86B1_3	sgCCL1_3	NA	NA	NA	sgPIH1D3_3
sgFAM86B1_4	sgCCL24_2	NA	NA	NA	sgPIK3C2G_2
sgFAM86B2_1	sgCCL25_4	NA	NA	NA	sgPIM1_2
sgFAM86B2_3	sgCCL27_1	NA	NA	NA	sgPIN1_3
sgFAM86B2_4	sgCCL3L3_2	NA	NA	NA	sgPIN4_3
sgFAM92A1_3	sgCCL3_3	NA	NA	NA	sgPINLYP_3
sgFAM9A_3	sgCCL3_4	NA	NA	NA	sgPIR_3
sgFAM9A_4	sgCCL4_1	NA	NA	NA	sgPISD_1
sgFAM9B_4	sgCCNB1IP1_1	NA	NA	NA	sgPLA2G12A_3
sgFCF1_1	sgCCNB1IP1_3	NA	NA	NA	sgPLA2G2A_1
sgFCF1_3	sgCCNB1IP1_4	NA	NA	NA	sgPLA2G2E_3
sgFCGR1A_1	sgCCNG1_2	NA	NA	NA	sgPLA2G2F_3
sgFCGR1A_3	sgCCNH_3	NA	NA	NA	sgPLA2G4E_1
sgFCGR1A_4	sgCCNJ_2	NA	NA	NA	sgPLEKHD1_2
sgFCGR2B_1	sgCCNJ_4	NA	NA	NA	sgPLIN1_2
sgFCGR2B_2	sgCCNT1_2	NA	NA	NA	sgPLXNB3_3
sgFCGR2B_3	sgCCNT2_1	NA	NA	NA	sgPMAIP1_4
sgFCGR3A_2	sgCCNYL1_3	NA	NA	NA	sgPMP22_2
sgFCGR3A_3	sgCCP110_3	NA	NA	NA	sgPOLA2_3
sgFCGR3A_4	sgCCT5_2	NA	NA	NA	sgPOTEE_2
sgFCGR3B_1	sgCCT5_3	NA	NA	NA	sgPPFIA2_4
sgFCGR3B_2	sgCCT5_4	NA	NA	NA	sgPPM1D_2
sgFFAR3_1	sgCCT6A_1	NA	NA	NA	sgPPP1R10_2
sgFFAR3_2	sgCCT6A_2	NA	NA	NA	sgPPP1R12C_4
sgFFAR3_3	sgCCT6A_3	NA	NA	NA	sgPPP2R5C_1
sgFFAR3_4	sgCCT6A_4	NA	NA	NA	sgPPP2R5D_1
sgFKBP1A_2	sgCCT7_4	NA	NA	NA	sgPPP4C_1
sgFKBP1A_3	sgCCT8L2_1	NA	NA	NA	sgPPP4C_4
sgFLYWCH1_1	sgCCT8L2_3	NA	NA	NA	sgPRAC2_1
sgFOXD4L1_1	sgCCT8L2_4	NA	NA	NA	sgPRAC2_2
sgFOXD4L1_3	sgCCT8_2	NA	NA	NA	sgPRAC2_3
sgFOXD4L3_1	sgCCZ1B_4	NA	NA	NA	sgPRAP1_4
sgFOXD4L3_2	sgCCZ1_3	NA	NA	NA	sgPRDM15_2
sgFOXD4L3_3	sgCD109_3	NA	NA	NA	sgPRDM8_3
sgFOXD4L3_4	sgCD151_4	NA	NA	NA	sgPREPL_3
sgFOXD4L4_2	sgCD200R1_2	NA	NA	NA	sgPRICKLE2_2
sgFOXD4L4_3	sgCD200R1_4	NA	NA	NA	sgPRIMA1_3
sgFOXD4L4_4	sgCD209_1	NA	NA	NA	sgPRKG1_3
sgFOXD4L5_2	sgCD24_1	NA	NA	NA	sgPRMT9_2
sgFOXD4L5_4	sgCD24_2	NA	NA	NA	sgPROCR_2
sgFOXD4L6_1	sgCD24_3	NA	NA	NA	sgPROC_3
sgFOXD4L6_2	sgCD276_4	NA	NA	NA	sgPROKR1_4
sgFOXD4L6_3	sgCD2AP_1	NA	NA	NA	sgPRPF19_4
sgFOXD4L6_4	sgCD300A_2	NA	NA	NA	sgPRPF31_4
sgFOXD4_1	sgCD300C_2	NA	NA	NA	sgPRR18_3
sgFOXO3_1	sgCD300LD_2	NA	NA	NA	sgPRR29_2
sgFOXO3_4	sgCD300LD_3	NA	NA	NA	sgPRSS41_1
sgFRG1_3	sgCD300LF_1	NA	NA	NA	sgPRSS56_1
sgFRG2B_2	sgCD320_2	NA	NA	NA	sgPRSS8_2
sgFRG2B_4	sgCD33_4	NA	NA	NA	sgPSMB7_3
sgFRG2C_1	sgCD3G_1	NA	NA	NA	sgPSMD6_4
sgFRG2C_2	sgCD46_2	NA	NA	NA	sgPSME1_3
sgFRG2C_3	sgCD46_3	NA	NA	NA	sgPSME2_1
sgFRG2_2	sgCD5L_3	NA	NA	NA	sgPSMG1_1
sgFRG2_3	sgCD5_2	NA	NA	NA	sgPSMG4_1
sgFRG2_4	sgCD6_3	NA	NA	NA	sgPSPH_2
sgFTH1_3	sgCD83_1	NA	NA	NA	sgPTCHD4_3
sgFUNDC2_1	sgCD84_1	NA	NA	NA	sgPTGES3L_2
sgGABARAPL1_4	sgCD8B_2	NA	NA	NA	sgPTGES3L_3
sgGABPA_2	sgCD8B_3	NA	NA	NA	sgPTGES3L_4
sgGAGE10_3	sgCD8B_4	NA	NA	NA	sgPTH2_2
sgGAGE12H_1	sgCDC14B_2	NA	NA	NA	sgPTMA_2
sgGAGE12H_3	sgCDC14B_3	NA	NA	NA	sgPTX4_1
sgGAGE1_1	sgCDC27_1	NA	NA	NA	sgPXMP2_4
sgGAGE1_2	sgCDC27_3	NA	NA	NA	sgPYGB_3
sgGAGE1_3	sgCDC27_4	NA	NA	NA	sgQSOX1_4
sgGAGE1_4	sgCDC37_2	NA	NA	NA	sgRAB12_2
sgGAGE2A_2	sgCDC37_3	NA	NA	NA	sgRAB34_1
sgGATSL2_2	sgCDC42EP3_1	NA	NA	NA	sgRAB35_4
sgGCSH_1	sgCDC42EP4_4	NA	NA	NA	sgRAB36_3
sgGCSH_2	sgCDC42_3	NA	NA	NA	sgRAB37_2
sgGEMIN2_4	sgCDC5L_2	NA	NA	NA	sgRAB37_3
sgGNG10_2	sgCDC6_3	NA	NA	NA	sgRAB6A_2
sgGNG10_3	sgCDCA7_3	NA	NA	NA	sgRAB6B_3
sgGNG10_4	sgCDCA8_3	NA	NA	NA	sgRAD23A_1
sgGNG5_3	sgCDCP1_2	NA	NA	NA	sgRAE1_3
sgGOLGA6A_1	sgCDCP2_4	NA	NA	NA	sgRAP1A_3
sgGOLGA6A_2	sgCDH15_3	NA	NA	NA	sgRARG_4
sgGOLGA6A_3	sgCDH3_3	NA	NA	NA	sgRARS2_2
sgGOLGA6A_4	sgCDH4_2	NA	NA	NA	sgRARS_2
sgGOLGA6B_1	sgCDHR2_4	NA	NA	NA	sgRASGEF1A_1
sgGOLGA6B_2	sgCDK11A_1	NA	NA	NA	sgRASGRP4_3
sgGOLGA6B_3	sgCDK11A_2	NA	NA	NA	sgRB1CC1_1
sgGOLGA6B_4	sgCDK11A_3	NA	NA	NA	sgRBM6_1
sgGOLGA6C_1	sgCDK11A_4	NA	NA	NA	sgRBM7_2
sgGOLGA6C_2	sgCDK11B_4	NA	NA	NA	sgRCAN1_3
sgGOLGA6C_3	sgCDK18_1	NA	NA	NA	sgRCAN2_2
sgGOLGA6C_4	sgCDK2AP1_1	NA	NA	NA	sgRCAN2_3
sgGOLGA6D_1	sgCDK2AP1_4	NA	NA	NA	sgRDH16_4
sgGOLGA6D_2	sgCDK5RAP3_1	NA	NA	NA	sgRELB_4
sgGOLGA6D_3	sgCDK5RAP3_3	NA	NA	NA	sgRESP18_1
sgGOLGA6D_4	sgCDK7_1	NA	NA	NA	sgRETN_3
sgGOLGA6L10_1	sgCDK7_2	NA	NA	NA	sgREXO2_2
sgGOLGA6L10_2	sgCDK7_4	NA	NA	NA	sgRFESD_3
sgGOLGA6L10_3	sgCDKN2AIP_4	NA	NA	NA	sgRGS21_4
sgGOLGA6L10_4	sgCDKN2A_3	NA	NA	NA	sgRGS3_4
sgGOLGA6L1_1	sgCDKN2B_4	NA	NA	NA	sgRGS7_3
sgGOLGA6L1_2	sgCDRT15L2_4	NA	NA	NA	sgRHBDF2_1
sgGOLGA6L1_3	sgCDRT15_3	NA	NA	NA	sgRHCE_4
sgGOLGA6L1_4	sgCDRT15_4	NA	NA	NA	sgRHOQ_1
sgGOLGA6L4_1	sgCDRT1_1	NA	NA	NA	sgRIMBP3_1
sgGOLGA6L4_2	sgCDRT1_2	NA	NA	NA	sgRMDN2_1
sgGOLGA6L4_3	sgCDRT1_3	NA	NA	NA	sgRMDN2_3
sgGOLGA6L4_4	sgCDSN_2	NA	NA	NA	sgRMDN2_4
sgGOLGA6L6_1	sgCDSN_3	NA	NA	NA	sgRNASEK_2
sgGOLGA6L6_2	sgCDSN_4	NA	NA	NA	sgRNASEK_3
sgGOLGA6L9_2	sgCDYL_1	NA	NA	NA	sgRNF115_2
sgGOLGA6L9_3	sgCEACAM1_1	NA	NA	NA	sgRNF123_1
sgGOLGA8A_1	sgCEACAM5_1	NA	NA	NA	sgRNF141_3
sgGOLGA8A_3	sgCEACAM7_2	NA	NA	NA	sgRNF167_3
sgGOLGA8A_4	sgCEACAM7_3	NA	NA	NA	sgRNF181_3
sgGOLGA8B_1	sgCEACAM7_4	NA	NA	NA	sgRNF39_1
sgGOLGA8B_2	sgCEACAM8_1	NA	NA	NA	sgRNF41_4
sgGOLGA8B_3	sgCECR1_4	NA	NA	NA	sgRNF5_4
sgGOLGA8B_4	sgCECR2_1	NA	NA	NA	sgROBO2_1
sgGOLGA8H_1	sgCELA2A_1	NA	NA	NA	sgRPH3AL_3
sgGOLGA8H_2	sgCELA2A_4	NA	NA	NA	sgRPL13A_3
sgGOLGA8H_3	sgCELA2B_1	NA	NA	NA	sgRPL19_4
sgGOLGA8H_4	sgCELA2B_3	NA	NA	NA	sgRPL36A_1
sgGOLGA8J_2	sgCELA3A_1	NA	NA	NA	sgRPL36A_2
sgGOLGA8J_3	sgCELA3A_3	NA	NA	NA	sgRPL36A_3
sgGOLGA8J_4	sgCELA3B_1	NA	NA	NA	sgRPL41_4
sgGOLGA8K_1	sgCELA3B_3	NA	NA	NA	sgRPL7A_3
sgGOLGA8K_3	sgCELA3B_4	NA	NA	NA	sgRPP21_4
sgGOLGA8K_4	sgCELF5_3	NA	NA	NA	sgRPRD1A_2
sgGOLGA8M_1	sgCEMIP_4	NA	NA	NA	sgRPS15_3
sgGOLGA8M_2	sgCEND1_1	NA	NA	NA	sgRPS17_2
sgGOLGA8M_3	sgCEND1_3	NA	NA	NA	sgRPS5_4
sgGOLGA8N_2	sgCENPC_1	NA	NA	NA	sgRPSA_3
sgGOLGA8N_3	sgCENPC_3	NA	NA	NA	sgRRP1_3
sgGOLGA8N_4	sgCENPM_2	NA	NA	NA	sgRSPH3_1
sgGOLGA8O_1	sgCEP164_1	NA	NA	NA	sgRSPH3_2
sgGOLGA8O_2	sgCEP170_2	NA	NA	NA	sgRSPH3_4
sgGOLGA8O_3	sgCEP170_4	NA	NA	NA	sgRSPO3_1
sgGOLGA8O_4	sgCEP57L1_3	NA	NA	NA	sgRTCB_1
sgGOLGA8R_1	sgCEP57L1_4	NA	NA	NA	sgRUNDC3A_1
sgGOLGA8R_2	sgCEP57_2	NA	NA	NA	sgSAAL1_3
sgGOLGA8R_3	sgCETN3_3	NA	NA	NA	sgSAG_1
sgGOLGA8R_4	sgCFAP221_4	NA	NA	NA	sgSAMD13_4
sgGPAT2_2	sgCFAP57_1	NA	NA	NA	sgSAP30L_2
sgGPAT2_3	sgCFAP97_3	NA	NA	NA	sgSCAND1_2
sgGPAT2_4	sgCFAP97_4	NA	NA	NA	sgSCCPDH_3
sgGPATCH11_1	sgCFHR2_4	NA	NA	NA	sgSCGN_1
sgGPRIN2_2	sgCFHR4_2	NA	NA	NA	sgSCN10A_1
sgGPX1_4	sgCFL1_2	NA	NA	NA	sgSCNN1B_3
sgGRAPL_1	sgCFL2_2	NA	NA	NA	sgSCOC_2
sgGRAPL_2	sgCGREF1_4	NA	NA	NA	sgSCT_2
sgGRAPL_3	sgCH17-360D5.1_4	NA	NA	NA	sgSDHD_1
sgGRAPL_4	sgCHAF1B_1	NA	NA	NA	sgSDS_3
sgGRAP_1	sgCHAF1B_2	NA	NA	NA	sgSEC63_4
sgGRAP_3	sgCHCHD3_2	NA	NA	NA	sgSEPW1_3
sgGRAP_4	sgCHCHD3_3	NA	NA	NA	sgSERHL2_3
sgGSTA1_1	sgCHD1L_2	NA	NA	NA	sgSERP1_1
sgGTF2H2C_1	sgCHD2_3	NA	NA	NA	sgSERPINF2_4
sgGTF2H2C_3	sgCHI3L2_2	NA	NA	NA	sgSF1_4
sgGTF2H2_3	sgCHIA_1	NA	NA	NA	sgSGK1_4
sgGTF2H2_4	sgCHIA_2	NA	NA	NA	sgSGPP2_2
sgGTF2IRD2B_1	sgCHIA_3	NA	NA	NA	sgSGSM1_4
sgGTF2IRD2B_3	sgCHMP1A_1	NA	NA	NA	sgSH2D6_1
sgGTF2IRD2B_4	sgCHMP4B_2	NA	NA	NA	sgSH3BGR_1
sgGTF2IRD2_1	sgCHORDC1_2	NA	NA	NA	sgSH3D19_2
sgGTF2IRD2_2	sgCHORDC1_3	NA	NA	NA	sgSHCBP1L_3
sgGTF2IRD2_3	sgCHP1_1	NA	NA	NA	sgSHD_3
sgGTPBP6_1	sgCHRD_1	NA	NA	NA	sgSHF_2
sgGTPBP6_2	sgCHRFAM7A_4	NA	NA	NA	sgSHF_3
sgGTPBP6_3	sgCHRNB2_3	NA	NA	NA	sgSIRPA_1
sgGTPBP6_4	sgCHST10_3	NA	NA	NA	sgSIRPA_4
sgGXYLT1_4	sgCHST5_2	NA	NA	NA	sgSKAP2_3
sgGYPB_1	sgCHST5_4	NA	NA	NA	sgSKOR1_1
sgGYPB_2	sgCHST6_2	NA	NA	NA	sgSKOR1_4
sgGYPE_1	sgCHST6_3	NA	NA	NA	sgSLC12A7_4
sgGYPE_4	sgCIAPIN1_1	NA	NA	NA	sgSLC12A8_3
sgH2AFB1_1	sgCIAPIN1_2	NA	NA	NA	sgSLC13A2_3
sgH2AFB1_2	sgCIB4_4	NA	NA	NA	sgSLC17A4_4
sgH2AFB1_3	sgCIDEC_1	NA	NA	NA	sgSLC1A1_3
sgH2AFB2_1	sgCIDEC_2	NA	NA	NA	sgSLC22A12_3
sgH2AFB2_2	sgCISD1_3	NA	NA	NA	sgSLC22A13_4
sgH2AFB2_3	sgCKAP2L_1	NA	NA	NA	sgSLC25A3_1
sgH2AFB2_4	sgCKS2_2	NA	NA	NA	sgSLC26A11_4
sgH2AFB3_1	sgCLCN1_4	NA	NA	NA	sgSLC26A4_3
sgH2AFB3_2	sgCLCN3_2	NA	NA	NA	sgSLC34A3_2
sgH2AFB3_3	sgCLCNKA_4	NA	NA	NA	sgSLC35F6_3
sgH2AFB3_4	sgCLCNKB_1	NA	NA	NA	sgSLC37A2_2
sgH2AFV_3	sgCLCNKB_2	NA	NA	NA	sgSLC38A9_4
sgH2AFV_4	sgCLCNKB_3	NA	NA	NA	sgSLC39A14_1
sgH3F3A_1	sgCLDN24_3	NA	NA	NA	sgSLC39A14_2
sgH3F3A_2	sgCLDN6_2	NA	NA	NA	sgSLC47A2_2
sgH3F3A_3	sgCLDN6_3	NA	NA	NA	sgSLC4A5_2
sgH3F3A_4	sgCLDN6_4	NA	NA	NA	sgSLC5A1_4
sgH3F3C_1	sgCLEC12A_1	NA	NA	NA	sgSLC6A12_3
sgHBA1_1	sgCLEC12B_1	NA	NA	NA	sgSLC7A1_3
sgHBA1_2	sgCLEC18A_2	NA	NA	NA	sgSLC7A6_2
sgHBA1_3	sgCLEC1B_4	NA	NA	NA	sgSLC8B1_3
sgHBA1_4	sgCLEC3A_2	NA	NA	NA	sgSLC9B1_4
sgHBA2_1	sgCLEC4A_4	NA	NA	NA	sgSLC9B2_3
sgHBA2_2	sgCLEC4G_2	NA	NA	NA	sgSLIT1_1
sgHBA2_3	sgCLEC7A_1	NA	NA	NA	sgSMEK2_2
sgHBA2_4	sgCLGN_1	NA	NA	NA	sgSMIM23_2
sgHBG1_1	sgCLIC1_3	NA	NA	NA	sgSMPD4_3
sgHBG1_2	sgCLIC6_3	NA	NA	NA	sgSMYD5_3
sgHBG1_4	sgCLK2_2	NA	NA	NA	sgSMYD5_4
sgHBG2_1	sgCLK2_3	NA	NA	NA	sgSNRNP40_2
sgHBG2_2	sgCLNS1A_3	NA	NA	NA	sgSNX24_2
sgHBG2_3	sgCLOCK_4	NA	NA	NA	sgSOAT2_4
sgHBG2_4	sgCLRN2_4	NA	NA	NA	sgSP140_3
sgHBZ_1	sgCLRN3_1	NA	NA	NA	sgSPATA33_4
sgHBZ_2	sgCMC1_2	NA	NA	NA	sgSPATA7_4
sgHBZ_3	sgCMC1_4	NA	NA	NA	sgSPATS1_2
sgHBZ_4	sgCMC2_1	NA	NA	NA	sgSPCS1_1
sgHIGD1A_2	sgCMSS1_2	NA	NA	NA	sgSPDYE4_2
sgHIST1H2AI_1	sgCMTR2_4	NA	NA	NA	sgSPINK14_4
sgHIST1H2AI_2	sgCNDP1_4	NA	NA	NA	sgSPINK6_1
sgHIST1H2AI_3	sgCNIH2_2	NA	NA	NA	sgSPOCD1_2
sgHIST1H2AI_4	sgCNN2_4	NA	NA	NA	sgSPRYD4_1
sgHIST1H2AJ_1	sgCNNM4_3	NA	NA	NA	sgSPRYD7_1
sgHIST1H2AJ_2	sgCNOT10_1	NA	NA	NA	sgSSU72_4
sgHIST1H2AJ_3	sgCNOT6L_1	NA	NA	NA	sgSSX5_3
sgHIST1H2AJ_4	sgCNOT6L_2	NA	NA	NA	sgST13_4
sgHIST1H2BE_1	sgCNOT7_1	NA	NA	NA	sgST3GAL6_2
sgHIST1H2BE_4	sgCNOT7_2	NA	NA	NA	sgSTATH_4
sgHIST1H2BI_1	sgCNOT7_3	NA	NA	NA	sgSTEAP2_4
sgHIST1H2BK_1	sgCNOT7_4	NA	NA	NA	sgSTX10_1
sgHIST1H2BK_3	sgCNPPD1_4	NA	NA	NA	sgSTXBP1_2
sgHIST1H2BK_4	sgCNP_4	NA	NA	NA	sgSULF2_3
sgHIST1H2BL_3	sgCNTN5_3	NA	NA	NA	sgSULT2B1_1
sgHIST1H2BN_2	sgCNTNAP3_1	NA	NA	NA	sgSWI5_1
sgHIST1H4J_1	sgCNTNAP3_2	NA	NA	NA	sgSWI5_3
sgHIST1H4J_2	sgCNTNAP3_3	NA	NA	NA	sgSYCE2_2
sgHIST1H4J_3	sgCNTNAP3_4	NA	NA	NA	sgSYNGR4_3
sgHIST1H4J_4	sgCOA6_2	NA	NA	NA	sgSYPL1_2
sgHIST1H4K_1	sgCOBL_1	NA	NA	NA	sgSYT7_3
sgHIST1H4K_2	sgCOIL_1	NA	NA	NA	sgSYTL1_2
sgHIST1H4K_3	sgCOIL_2	NA	NA	NA	sgTAC4_1
sgHIST1H4K_4	sgCOIL_3	NA	NA	NA	sgTACR2_4
sgHIST2H2AA3_1	sgCOL27A1_3	NA	NA	NA	sgTAF7L_1
sgHIST2H2AA3_2	sgCOL3A1_2	NA	NA	NA	sgTAPBPL_3
sgHIST2H2AA3_3	sgCOMMD10_3	NA	NA	NA	sgTAS2R19_2
sgHIST2H2AA3_4	sgCOMMD4_2	NA	NA	NA	sgTBC1D7_2
sgHIST2H2AA4_1	sgCOMMD4_3	NA	NA	NA	sgTBPL1_1
sgHIST2H2AA4_2	sgCOMMD4_4	NA	NA	NA	sgTBPL2_1
sgHIST2H2AA4_3	sgCOMMD5_2	NA	NA	NA	sgTBX10_2
sgHIST2H2AA4_4	sgCOMMD5_3	NA	NA	NA	sgTBX3_3
sgHIST2H2AC_3	sgCOMMD6_4	NA	NA	NA	sgTCEAL4_1
sgHIST2H2BE_1	sgCOPS4_1	NA	NA	NA	sgTCEAL4_2
sgHIST2H2BE_3	sgCOPS5_2	NA	NA	NA	sgTCEAL4_3
sgHIST2H2BF_1	sgCOPS8_2	NA	NA	NA	sgTCF12_3
sgHIST2H2BF_2	sgCOPS8_3	NA	NA	NA	sgTEX264_4
sgHIST2H2BF_4	sgCOQ5_4	NA	NA	NA	sgTEX35_2
sgHIST2H3A_1	sgCOX10_3	NA	NA	NA	sgTEX38_2
sgHIST2H3A_2	sgCOX11_1	NA	NA	NA	sgTFDP2_1
sgHIST2H3A_3	sgCOX17_2	NA	NA	NA	sgTFF3_4
sgHIST2H3A_4	sgCOX17_3	NA	NA	NA	sgTGFBR2_4
sgHIST2H3C_1	sgCOX17_4	NA	NA	NA	sgTGM2_1
sgHIST2H3C_2	sgCOX5A_3	NA	NA	NA	sgTHEG_4
sgHIST2H3C_3	sgCOX5B_1	NA	NA	NA	sgTHNSL1_1
sgHIST2H3C_4	sgCOX5B_2	NA	NA	NA	sgTHOC7_2
sgHIST2H3D_1	sgCOX6B1_1	NA	NA	NA	sgTIAF1_1
sgHIST2H3D_3	sgCOX7A2_1	NA	NA	NA	sgTIAF1_2
sgHIST2H3D_4	sgCOX7B_1	NA	NA	NA	sgTIAF1_3
sgHIST2H4A_1	sgCOX7C_1	NA	NA	NA	sgTIAF1_4
sgHIST2H4A_2	sgCOX7C_2	NA	NA	NA	sgTICRR_3
sgHIST2H4A_3	sgCOX7C_4	NA	NA	NA	sgTIMM50_3
sgHIST2H4A_4	sgCOX8C_4	NA	NA	NA	sgTIMM8A_4
sgHIST2H4B_1	sgCPA1_1	NA	NA	NA	sgTIMM8B_2
sgHIST2H4B_2	sgCPAMD8_2	NA	NA	NA	sgTIMM8B_4
sgHIST2H4B_3	sgCPM_2	NA	NA	NA	sgTM7SF3_4
sgHIST2H4B_4	sgCPNE2_4	NA	NA	NA	sgTM9SF3_1
sgHIST3H2BB_1	sgCPS1_3	NA	NA	NA	sgTMA7_4
sgHMGA1_1	sgCPSF1_1	NA	NA	NA	sgTMC5_3
sgHMGA1_3	sgCPSF4L_3	NA	NA	NA	sgTMCC2_1
sgHMGB1_1	sgCPSF6_3	NA	NA	NA	sgTMEM109_1
sgHMGB1_2	sgCR1_2	NA	NA	NA	sgTMEM133_1
sgHMGB1_3	sgCRADD_1	NA	NA	NA	sgTMEM133_2
sgHMGB1_4	sgCREG2_1	NA	NA	NA	sgTMEM133_3
sgHMGN1_1	sgCRELD2_3	NA	NA	NA	sgTMEM133_4
sgHNRNPA1L2_3	sgCRIP1_4	NA	NA	NA	sgTMEM161A_4
sgHNRNPA1_2	sgCRISPLD1_3	NA	NA	NA	sgTMEM181_1
sgHNRNPA3_1	sgCRK_4	NA	NA	NA	sgTMEM192_2
sgHNRNPA3_4	sgCRLF3_2	NA	NA	NA	sgTMEM204_1
sgHNRNPCL1_1	sgCROCC_2	NA	NA	NA	sgTMEM207_1
sgHNRNPCL2_1	sgCROCC_4	NA	NA	NA	sgTMEM218_2
sgHNRNPCL4_1	sgCRTC2_1	NA	NA	NA	sgTMEM255A_1
sgHNRNPCL4_3	sgCRYAA_4	NA	NA	NA	sgTMEM257_2
sgHNRNPCL4_4	sgCRYAB_4	NA	NA	NA	sgTMEM257_3
sgHNRNPC_2	sgCRYGA_4	NA	NA	NA	sgTMEM257_4
sgHPR_3	sgCRYGB_2	NA	NA	NA	sgTMEM265_4
sgHS3ST3A1_1	sgCRYGB_4	NA	NA	NA	sgTMEM40_4
sgHS6ST1_1	sgCRYGC_4	NA	NA	NA	sgTMEM80_1
sgHS6ST1_2	sgCRYGD_2	NA	NA	NA	sgTMEM91_3
sgHS6ST1_4	sgCRYGD_3	NA	NA	NA	sgTMEM98_1
sgHSD17B7_1	sgCRYGS_4	NA	NA	NA	sgTMIGD3_2
sgHSD17B7_2	sgCSAG1_1	NA	NA	NA	sgTMPO_1
sgHSFX1_1	sgCSAG1_2	NA	NA	NA	sgTMPO_2
sgHSFX1_2	sgCSAG1_4	NA	NA	NA	sgTMPO_3
sgHSFX1_3	sgCSGALNACT2_2	NA	NA	NA	sgTMPO_4
sgHSFX1_4	sgCSHL1_1	NA	NA	NA	sgTMSB15B_4
sgHSFX2_1	sgCSHL1_2	NA	NA	NA	sgTMTC1_2
sgHSFX2_2	sgCSHL1_3	NA	NA	NA	sgTNFRSF25_2
sgHSFX2_4	sgCSNK1A1_4	NA	NA	NA	sgTNFSF11_2
sgHSFY1_1	sgCSNK1G2_3	NA	NA	NA	sgTNFSF9_1
sgHSFY1_2	sgCSNK2A3_1	NA	NA	NA	sgTOMM40L_4
sgHSFY1_3	sgCSNK2A3_4	NA	NA	NA	sgTOR1AIP2_1
sgHSFY1_4	sgCSPG4_2	NA	NA	NA	sgTOR1AIP2_2
sgHSFY2_1	sgCSRNP1_2	NA	NA	NA	sgTOR1AIP2_3
sgHSFY2_2	sgCSRNP3_1	NA	NA	NA	sgTPK1_2
sgHSFY2_3	sgCSRP2_1	NA	NA	NA	sgTPM4_2
sgHSFY2_4	sgCSRP2_2	NA	NA	NA	sgTPM4_3
sgHSPA1A_1	sgCST1_4	NA	NA	NA	sgTPM4_4
sgHSPA1A_3	sgCST2_3	NA	NA	NA	sgTPX2_4
sgHSPA1A_4	sgCST2_4	NA	NA	NA	sgTRAM2_4
sgHSPA1B_1	sgCST3_3	NA	NA	NA	sgTRH_4
sgHSPA1B_2	sgCST4_4	NA	NA	NA	sgTRIM39_1
sgHSPA1B_3	sgCST5_1	NA	NA	NA	sgTRIM46_4
sgHSPA1B_4	sgCST8_4	NA	NA	NA	sgTRIM54_4
sgHSPA6_1	sgCSTL1_4	NA	NA	NA	sgTRIP6_3
sgHSPA6_4	sgCS_2	NA	NA	NA	sgTRMT112_4
sgHSPD1_1	sgCS_3	NA	NA	NA	sgTRPV6_1
sgHSPD1_3	sgCT45A10_1	NA	NA	NA	sgTSC22D1_1
sgHSPD1_4	sgCT45A2_2	NA	NA	NA	sgTSC22D3_1
sgHSPE1_1	sgCT45A5_2	NA	NA	NA	sgTSC22D3_3
sgHSPE1_2	sgCT47B1_4	NA	NA	NA	sgTSEN54_2
sgHSPE1_3	sgCT83_2	NA	NA	NA	sgTSPAN17_1
sgHSPE1_4	sgCTAG2_1	NA	NA	NA	sgTSPAN4_4
sgHTN3_4	sgCTAGE9_1	NA	NA	NA	sgTSPO2_1
sgHYDIN_3	sgCTBP2_1	NA	NA	NA	sgTSSK3_3
sgIFI16_2	sgCTCFL_3	NA	NA	NA	sgTTC39B_4
sgIFITM1_2	sgCTDNEP1_4	NA	NA	NA	sgTTC3_2
sgIFITM3_1	sgCTDSP2_3	NA	NA	NA	sgTTLL3_4
sgIFITM3_2	sgCTNNA1_1	NA	NA	NA	sgTTN_3
sgIFITM3_3	sgCTNNA1_2	NA	NA	NA	sgTUB_4
sgIFITM3_4	sgCTNND1_4	NA	NA	NA	sgTUSC2_3
sgIFNA10_3	sgCTPS1_2	NA	NA	NA	sgTXNRD2_3
sgIFNA10_4	sgCTRC_3	NA	NA	NA	sgTXNRD3NB_1
sgIFNA13_1	sgCTSH_2	NA	NA	NA	sgTXNRD3NB_2
sgIFNA13_3	sgCTTN_2	NA	NA	NA	sgTXNRD3NB_3
sgIFNA13_4	sgCTTN_3	NA	NA	NA	sgTXNRD3NB_4
sgIFNA17_1	sgCTU1_4	NA	NA	NA	sgUAP1L1_1
sgIFNA17_4	sgCTXN3_2	NA	NA	NA	sgUBE2W_2
sgIFNA1_1	sgCTXN3_4	NA	NA	NA	sgUGGT1_3
sgIFNA1_2	sgCUBN_2	NA	NA	NA	sgUHRF1_1
sgIFNA1_3	sgCUL1_2	NA	NA	NA	sgUMODL1_3
sgIFNA21_3	sgCUL1_3	NA	NA	NA	sgUQCR11_2
sgIFNA4_1	sgCUL4A_3	NA	NA	NA	sgUSB1_1
sgIFNA4_2	sgCUL5_2	NA	NA	NA	sgUSP17L10_2
sgIFNA4_3	sgCUX2_3	NA	NA	NA	sgUSP17L12_2
sgIFNA5_2	sgCWC27_1	NA	NA	NA	sgUSP17L15_1
sgIFNL2_3	sgCWF19L1_1	NA	NA	NA	sgUSP17L21_4
sgIFNL3_2	sgCXADR_1	NA	NA	NA	sgUSP17L7_4
sgIKBKG_1	sgCXCL13_4	NA	NA	NA	sgUSP9X_2
sgIKBKG_2	sgCXCL17_3	NA	NA	NA	sgUTS2_4
sgIL3RA_1	sgCXCL1_2	NA	NA	NA	sgVAMP5_4
sgIL3RA_2	sgCXCL2_3	NA	NA	NA	sgVBP1_1
sgIL3RA_3	sgCXCL3_3	NA	NA	NA	sgVBP1_4
sgIL3RA_4	sgCXCL3_4	NA	NA	NA	sgVCAN_3
sgIL9R_1	sgCXCL5_4	NA	NA	NA	sgVIMP_3
sgIL9R_2	sgCXCR2_1	NA	NA	NA	sgVN1R5_3
sgIL9R_3	sgCXCR2_2	NA	NA	NA	sgVPS13B_2
sgIL9R_4	sgCXCR2_4	NA	NA	NA	sgVWA2_1
sgISCA1_1	sgCXorf36_2	NA	NA	NA	sgVWCE_2
sgISCA1_2	sgCXorf40A_1	NA	NA	NA	sgWDR12_4
sgISCA1_4	sgCXorf40B_2	NA	NA	NA	sgWDR4_4
sgKCNJ12_2	sgCXorf51B_4	NA	NA	NA	sgWDR73_3
sgKCTD9_1	sgCXorf56_1	NA	NA	NA	sgWDR74_1
sgKIAA1143_2	sgCXorf56_4	NA	NA	NA	sgWDR83_3
sgKIR2DL3_2	sgCYBA_1	NA	NA	NA	sgWDR90_4
sgKIR2DL3_4	sgCYBRD1_3	NA	NA	NA	sgWFDC10B_1
sgKLRC1_3	sgCYCS_2	NA	NA	NA	sgWFDC10B_2
sgKRT18_2	sgCYP11B2_4	NA	NA	NA	sgWIBG_1
sgKRT18_3	sgCYP19A1_3	NA	NA	NA	sgWNT1_1
sgKRT18_4	sgCYP21A2_2	NA	NA	NA	sgXG_1
sgKRT33B_4	sgCYP21A2_3	NA	NA	NA	sgXG_4
sgKRT6B_3	sgCYP2A13_4	NA	NA	NA	sgZASP_1
sgKRT6C_1	sgCYP2A6_1	NA	NA	NA	sgZASP_2
sgKRT6C_3	sgCYP2A6_2	NA	NA	NA	sgZASP_3
sgKRT86_1	sgCYP2A6_3	NA	NA	NA	sgZASP_4
sgKRT86_4	sgCYP2A6_4	NA	NA	NA	sgZBTB3_1
sgKRTAP1-3_3	sgCYP2A7_2	NA	NA	NA	sgZDHHC14_4
sgKRTAP1-3_4	sgCYP2A7_3	NA	NA	NA	sgZDHHC15_3
sgKRTAP10-12_2	sgCYP2A7_4	NA	NA	NA	sgZDHHC1_3
sgKRTAP10-12_4	sgCYP2B6_3	NA	NA	NA	sgZDHHC2_4
sgKRTAP10-1_2	sgCYP2B6_4	NA	NA	NA	sgZDHHC5_3
sgKRTAP10-1_3	sgCYP2C18_1	NA	NA	NA	sgZFAND1_1
sgKRTAP10-2_3	sgCYP2C19_1	NA	NA	NA	sgZFAND1_3
sgKRTAP10-3_3	sgCYP2C8_1	NA	NA	NA	sgZFHX2_3
sgKRTAP10-4_4	sgCYP2D6_1	NA	NA	NA	sgZFP64_3
sgKRTAP10-6_1	sgCYP2F1_2	NA	NA	NA	sgZFYVE28_4
sgKRTAP10-6_3	sgCYP3A4_1	NA	NA	NA	sgZG16B_2
sgKRTAP19-3_1	sgCYP3A4_2	NA	NA	NA	sgZIM2_4
sgKRTAP19-3_4	sgCYP3A4_3	NA	NA	NA	sgZNF211_4
sgKRTAP19-8_3	sgCYP3A5_1	NA	NA	NA	sgZNF223_2
sgKRTAP2-1_1	sgCYP4A11_2	NA	NA	NA	sgZNF362_4
sgKRTAP2-1_2	sgCYP4A11_4	NA	NA	NA	sgZNF396_4
sgKRTAP2-1_3	sgCYP4A22_1	NA	NA	NA	sgZNF496_2
sgKRTAP2-1_4	sgCYP4A22_2	NA	NA	NA	sgZNF534_3
sgKRTAP2-2_1	sgCYP4A22_4	NA	NA	NA	sgZNF534_4
sgKRTAP2-2_2	sgCYP4F11_1	NA	NA	NA	sgZNF618_4
sgKRTAP2-2_3	sgCYP4F12_2	NA	NA	NA	sgZNF623_2
sgKRTAP2-2_4	sgCYP4F2_2	NA	NA	NA	sgZNF669_2
sgKRTAP2-3_1	sgCYP4F2_3	NA	NA	NA	sgZNF669_4
sgKRTAP2-3_2	sgCYP4V2_4	NA	NA	NA	sgZNF678_1
sgKRTAP2-3_3	sgCYP4Z1_3	NA	NA	NA	sgZNF746_2
sgKRTAP2-3_4	sgCYP51A1_4	NA	NA	NA	sgZNF747_1
sgKRTAP2-4_1	sgCYTH1_3	NA	NA	NA	sgZNF772_4
sgKRTAP2-4_2	sgCYTH2_2	NA	NA	NA	sgZNF782_4
sgKRTAP2-4_3	sgCYTH4_1	NA	NA	NA	sgZPBP2_1
sgKRTAP2-4_4	sgDACT3_4	NA	NA	NA	sgZXDA_2
sgKRTAP21-1_1	sgDAP_3	NA	NA	NA	sgZYG11B_4
sgKRTAP21-2_4	sgDARS_2	NA	NA	NA	NA
sgKRTAP3-3_2	sgDAZAP2_1	NA	NA	NA	NA
sgKRTAP4-11_2	sgDAZAP2_3	NA	NA	NA	NA
sgKRTAP4-11_4	sgDAZL_1	NA	NA	NA	NA
sgKRTAP4-2_1	sgDBF4_1	NA	NA	NA	NA
sgKRTAP4-2_4	sgDBF4_3	NA	NA	NA	NA
sgKRTAP4-3_1	sgDBH_4	NA	NA	NA	NA
sgKRTAP4-4_1	sgDBT_3	NA	NA	NA	NA
sgKRTAP4-6_1	sgDCAF11_1	NA	NA	NA	NA
sgKRTAP4-7_1	sgDCAF13_4	NA	NA	NA	NA
sgKRTAP4-7_4	sgDCAF4L1_4	NA	NA	NA	NA
sgKRTAP4-9_2	sgDCAF4_1	NA	NA	NA	NA
sgKRTAP5-6_2	sgDCAF6_3	NA	NA	NA	NA
sgKRTAP5-7_1	sgDCAF6_4	NA	NA	NA	NA
sgKRTAP5-7_2	sgDCAF8L1_1	NA	NA	NA	NA
sgKRTAP5-7_3	sgDCANP1_4	NA	NA	NA	NA
sgKRTAP5-8_1	sgDCDC2_4	NA	NA	NA	NA
sgKRTAP6-3_4	sgDCLRE1C_4	NA	NA	NA	NA
sgKRTAP9-2_2	sgDCP2_4	NA	NA	NA	NA
sgKRTAP9-2_3	sgDCSTAMP_4	NA	NA	NA	NA
sgKRTAP9-4_1	sgDCTN5_1	NA	NA	NA	NA
sgKRTAP9-4_2	sgDCTN5_2	NA	NA	NA	NA
sgLCE1A_1	sgDCTN5_3	NA	NA	NA	NA
sgLCE1A_2	sgDCTN6_1	NA	NA	NA	NA
sgLCE1A_4	sgDCTN6_2	NA	NA	NA	NA
sgLCE1C_2	sgDCUN1D1_3	NA	NA	NA	NA
sgLCE1C_3	sgDCUN1D1_4	NA	NA	NA	NA
sgLCE1D_1	sgDCUN1D3_1	NA	NA	NA	NA
sgLCE1D_2	sgDCXR_3	NA	NA	NA	NA
sgLCE1E_2	sgDDA1_4	NA	NA	NA	NA
sgLCE1E_3	sgDDTL_3	NA	NA	NA	NA
sgLCE1F_1	sgDDT_1	NA	NA	NA	NA
sgLCE2A_1	sgDDX10_1	NA	NA	NA	NA
sgLCE2A_2	sgDDX10_3	NA	NA	NA	NA
sgLCE2C_1	sgDDX11_1	NA	NA	NA	NA
sgLCE2C_2	sgDDX11_2	NA	NA	NA	NA
sgLCE2C_3	sgDDX11_4	NA	NA	NA	NA
sgLCE2D_3	sgDDX18_2	NA	NA	NA	NA
sgLCE2D_4	sgDDX18_3	NA	NA	NA	NA
sgLCE3D_1	sgDDX18_4	NA	NA	NA	NA
sgLCE3D_3	sgDDX19A_1	NA	NA	NA	NA
sgLCE3E_2	sgDDX19A_3	NA	NA	NA	NA
sgLCE3E_3	sgDDX19B_3	NA	NA	NA	NA
sgLCE3E_4	sgDDX39B_3	NA	NA	NA	NA
sgLCN1_1	sgDDX3X_3	NA	NA	NA	NA
sgLEFTY1_4	sgDDX50_1	NA	NA	NA	NA
sgLEFTY2_2	sgDDX6_1	NA	NA	NA	NA
sgLGALS7B_2	sgDEF8_4	NA	NA	NA	NA
sgLGALS7B_3	sgDEFB108B_4	NA	NA	NA	NA
sgLGALS7B_4	sgDEFB114_1	NA	NA	NA	NA
sgLGALS7_1	sgDEFB118_4	NA	NA	NA	NA
sgLGALS7_3	sgDEFB119_4	NA	NA	NA	NA
sgLGALS7_4	sgDEFB128_1	NA	NA	NA	NA
sgLGALS9B_1	sgDEFB131_2	NA	NA	NA	NA
sgLGALS9B_2	sgDEFB131_3	NA	NA	NA	NA
sgLGALS9B_4	sgDEFB1_1	NA	NA	NA	NA
sgLGALS9C_1	sgDEFB4B_1	NA	NA	NA	NA
sgLGALS9C_3	sgDEFB4B_3	NA	NA	NA	NA
sgLGALS9C_4	sgDEGS1_2	NA	NA	NA	NA
sgLGALS9_4	sgDENR_3	NA	NA	NA	NA
sgLILRB3_2	sgDENR_4	NA	NA	NA	NA
sgLILRB3_4	sgDEPDC1_2	NA	NA	NA	NA
sgLIMS1_3	sgDEPDC1_3	NA	NA	NA	NA
sgLIMS1_4	sgDERL3_1	NA	NA	NA	NA
sgLIMS3L_1	sgDGCR6L_1	NA	NA	NA	NA
sgLIMS3L_2	sgDGCR6L_3	NA	NA	NA	NA
sgLIMS3L_3	sgDGCR6_1	NA	NA	NA	NA
sgLIMS3L_4	sgDGCR6_2	NA	NA	NA	NA
sgLLPH_1	sgDGCR6_3	NA	NA	NA	NA
sgLLPH_2	sgDGKB_4	NA	NA	NA	NA
sgLLPH_3	sgDGKZ_2	NA	NA	NA	NA
sgLLPH_4	sgDHFRL1_1	NA	NA	NA	NA
sgLPA_3	sgDHFRL1_2	NA	NA	NA	NA
sgLPA_4	sgDHFRL1_4	NA	NA	NA	NA
sgLRRC37A2_3	sgDHRS13_2	NA	NA	NA	NA
sgLRRC37A2_4	sgDHRS2_4	NA	NA	NA	NA
sgLRRC37A3_1	sgDHRS4_2	NA	NA	NA	NA
sgLRRC37A3_2	sgDHX40_3	NA	NA	NA	NA
sgLRRC37A3_4	sgDHX40_4	NA	NA	NA	NA
sgLRRC37A_1	sgDHX9_1	NA	NA	NA	NA
sgLRRC37A_3	sgDHX9_2	NA	NA	NA	NA
sgLRRC37A_4	sgDIRAS1_1	NA	NA	NA	NA
sgLRRC7_1	sgDIXDC1_1	NA	NA	NA	NA
sgLSM12_1	sgDKK4_1	NA	NA	NA	NA
sgLSM12_4	sgDKKL1_3	NA	NA	NA	NA
sgLSM3_1	sgDLEC1_4	NA	NA	NA	NA
sgLYPLA1_1	sgDLEU7_2	NA	NA	NA	NA
sgLYPLA2_3	sgDLST_2	NA	NA	NA	NA
sgLYRM2_4	sgDMBT1_1	NA	NA	NA	NA
sgLYRM5_2	sgDMBT1_2	NA	NA	NA	NA
sgLYZL1_3	sgDMBX1_3	NA	NA	NA	NA
sgLYZL2_2	sgDMRTA2_3	NA	NA	NA	NA
sgLYZL2_3	sgDNAAF2_3	NA	NA	NA	NA
sgMAGEA2B_1	sgDNAJA1_1	NA	NA	NA	NA
sgMAGEA2B_2	sgDNAJA1_2	NA	NA	NA	NA
sgMAGEA2B_3	sgDNAJA1_3	NA	NA	NA	NA
sgMAGEA2B_4	sgDNAJB1_1	NA	NA	NA	NA
sgMAGEA2_1	sgDNAJB1_2	NA	NA	NA	NA
sgMAGEA2_2	sgDNAJB1_3	NA	NA	NA	NA
sgMAGEA2_3	sgDNAJB1_4	NA	NA	NA	NA
sgMAGEA2_4	sgDNAJC17_4	NA	NA	NA	NA
sgMAGEA3_2	sgDNAJC19_3	NA	NA	NA	NA
sgMAGEA3_3	sgDNAJC24_4	NA	NA	NA	NA
sgMAGEA6_2	sgDNAJC30_3	NA	NA	NA	NA
sgMAGEA6_4	sgDNAJC6_4	NA	NA	NA	NA
sgMAGEA9B_1	sgDNAJC7_3	NA	NA	NA	NA
sgMAGEA9B_2	sgDNAJC8_4	NA	NA	NA	NA
sgMAGEA9B_3	sgDNAJC9_1	NA	NA	NA	NA
sgMAGEA9B_4	sgDNAJC9_3	NA	NA	NA	NA
sgMAGEA9_1	sgDNAJC9_4	NA	NA	NA	NA
sgMAGEA9_2	sgDNASE1_2	NA	NA	NA	NA
sgMAGEA9_3	sgDNASE1_4	NA	NA	NA	NA
sgMAGEA9_4	sgDND1_2	NA	NA	NA	NA
sgMAGEB6_4	sgDNMBP_4	NA	NA	NA	NA
sgMAGEC1_4	sgDNTT_1	NA	NA	NA	NA
sgMAGED4B_1	sgDNTT_3	NA	NA	NA	NA
sgMAGED4B_2	sgDOC2B_1	NA	NA	NA	NA
sgMAGED4B_3	sgDOCK11_1	NA	NA	NA	NA
sgMAGED4B_4	sgDOCK11_2	NA	NA	NA	NA
sgMAGED4_1	sgDOK1_1	NA	NA	NA	NA
sgMAGED4_2	sgDOK1_2	NA	NA	NA	NA
sgMAGED4_3	sgDOK1_3	NA	NA	NA	NA
sgMAGED4_4	sgDPCD_4	NA	NA	NA	NA
sgMAGOHB_3	sgDPCR1_2	NA	NA	NA	NA
sgMAP1LC3B2_2	sgDPEP3_2	NA	NA	NA	NA
sgMAP1LC3B2_3	sgDPH3_1	NA	NA	NA	NA
sgMAP1LC3B2_4	sgDPH3_2	NA	NA	NA	NA
sgMAP1LC3B_3	sgDPH3_3	NA	NA	NA	NA
sgMAP2K3_1	sgDPP3_1	NA	NA	NA	NA
sgMAP2K3_2	sgDPP3_2	NA	NA	NA	NA
sgMAP2K3_3	sgDPP3_4	NA	NA	NA	NA
sgMAPK1IP1L_2	sgDPP9_1	NA	NA	NA	NA
sgMAPK6_2	sgDPPA3_2	NA	NA	NA	NA
sgMBD3L2_1	sgDPPA3_4	NA	NA	NA	NA
sgMBD3L2_2	sgDPPA4_1	NA	NA	NA	NA
sgMBD3L2_3	sgDPPA5_3	NA	NA	NA	NA
sgMBD3L2_4	sgDPPA5_4	NA	NA	NA	NA
sgMBD3L3_1	sgDPRX_3	NA	NA	NA	NA
sgMBD3L3_2	sgDPRX_4	NA	NA	NA	NA
sgMBD3L3_3	sgDPY19L1_1	NA	NA	NA	NA
sgMBD3L4_1	sgDPY19L1_2	NA	NA	NA	NA
sgMBD3L4_2	sgDPY19L1_3	NA	NA	NA	NA
sgMBD3L4_3	sgDPY19L2_1	NA	NA	NA	NA
sgMBD3L4_4	sgDPY19L2_4	NA	NA	NA	NA
sgMBD3L5_1	sgDPY19L4_2	NA	NA	NA	NA
sgMBD3L5_2	sgDR1_3	NA	NA	NA	NA
sgMBD3L5_4	sgDRD5_3	NA	NA	NA	NA
sgMEMO1_4	sgDRG1_2	NA	NA	NA	NA
sgMETTL2A_1	sgDRG1_4	NA	NA	NA	NA
sgMETTL2A_2	sgDRICH1_3	NA	NA	NA	NA
sgMETTL2B_1	sgDSC3_2	NA	NA	NA	NA
sgMETTL2B_2	sgDSE_1	NA	NA	NA	NA
sgMETTL2B_3	sgDSE_2	NA	NA	NA	NA
sgMETTL2B_4	sgDSE_3	NA	NA	NA	NA
sgMMP23B_1	sgDSTN_3	NA	NA	NA	NA
sgMMP23B_3	sgDTD1_4	NA	NA	NA	NA
sgMMP23B_4	sgDTD2_3	NA	NA	NA	NA
sgMOBP_1	sgDTWD1_2	NA	NA	NA	NA
sgMORF4L1_1	sgDTX2_1	NA	NA	NA	NA
sgMPHOSPH10_4	sgDTX2_3	NA	NA	NA	NA
sgMPPED1_2	sgDTX2_4	NA	NA	NA	NA
sgMRGPRX1_1	sgDUOXA2_2	NA	NA	NA	NA
sgMRGPRX1_2	sgDUSP14_2	NA	NA	NA	NA
sgMRGPRX1_3	sgDUSP15_1	NA	NA	NA	NA
sgMRGPRX1_4	sgDUSP16_2	NA	NA	NA	NA
sgMRPL45_4	sgDUSP21_2	NA	NA	NA	NA
sgMRPS17_2	sgDUSP3_4	NA	NA	NA	NA
sgMRPS18A_2	sgDUSP5_1	NA	NA	NA	NA
sgMRPS36_3	sgDUSP6_2	NA	NA	NA	NA
sgMSANTD3_2	sgDUSP8_3	NA	NA	NA	NA
sgMSTO1_2	sgDUSP8_4	NA	NA	NA	NA
sgMSTO1_3	sgDUT_1	NA	NA	NA	NA
sgMT1A_2	sgDUXA_1	NA	NA	NA	NA
sgMT1E_4	sgDUXA_2	NA	NA	NA	NA
sgMT1F_2	sgDUXA_4	NA	NA	NA	NA
sgMT1HL1_1	sgDXO_2	NA	NA	NA	NA
sgMT1HL1_4	sgDYNAP_1	NA	NA	NA	NA
sgMT1H_2	sgDYNAP_3	NA	NA	NA	NA
sgMT1M_1	sgDYNC1I2_1	NA	NA	NA	NA
sgMT1M_2	sgDYNC1I2_3	NA	NA	NA	NA
sgMT1X_1	sgDYNLL1_3	NA	NA	NA	NA
sgMT1X_2	sgDYNLL1_4	NA	NA	NA	NA
sgMT2A_4	sgDYNLRB1_1	NA	NA	NA	NA
sgMUC12_1	sgDYNLRB1_2	NA	NA	NA	NA
sgMUC12_2	sgDYNLRB1_4	NA	NA	NA	NA
sgMUC12_3	sgDYNLT1_1	NA	NA	NA	NA
sgMUC12_4	sgDYNLT1_4	NA	NA	NA	NA
sgMUC13_3	sgDYNLT3_2	NA	NA	NA	NA
sgMUC17_1	sgDYNLT3_3	NA	NA	NA	NA
sgMUC17_2	sgDYRK1B_4	NA	NA	NA	NA
sgMUC17_4	sgDZANK1_1	NA	NA	NA	NA
sgMUC20_1	sgE2F3_3	NA	NA	NA	NA
sgMUC20_2	sgE2F6_4	NA	NA	NA	NA
sgMUC20_3	sgEBLN1_1	NA	NA	NA	NA
sgMUC20_4	sgEBNA1BP2_2	NA	NA	NA	NA
sgMUC4_1	sgEBPL_1	NA	NA	NA	NA
sgMUC5AC_1	sgECEL1_3	NA	NA	NA	NA
sgMXRA7_1	sgECHDC3_1	NA	NA	NA	NA
sgMXRA7_2	sgECHDC3_3	NA	NA	NA	NA
sgMXRA7_3	sgECI2_1	NA	NA	NA	NA
sgMXRA7_4	sgEDDM3A_3	NA	NA	NA	NA
sgMYL12A_1	sgEED_2	NA	NA	NA	NA
sgMYL12B_1	sgEED_4	NA	NA	NA	NA
sgMYL12B_3	sgEEF1A1_1	NA	NA	NA	NA
sgMYL9_3	sgEEF1B2_1	NA	NA	NA	NA
sgMZT2A_1	sgEEF1D_2	NA	NA	NA	NA
sgMZT2A_4	sgEEF1D_4	NA	NA	NA	NA
sgMZT2B_1	sgEEF1G_1	NA	NA	NA	NA
sgMZT2B_2	sgEEF1G_4	NA	NA	NA	NA
sgNACAD_4	sgEEF2KMT_2	NA	NA	NA	NA
sgNAIP_1	sgEEF2KMT_3	NA	NA	NA	NA
sgNANOGNB_3	sgEEF2KMT_4	NA	NA	NA	NA
sgNANOG_1	sgEFCAB14_1	NA	NA	NA	NA
sgNANOG_2	sgEFCAB14_4	NA	NA	NA	NA
sgNANOG_3	sgEFCAB5_4	NA	NA	NA	NA
sgNANOG_4	sgEFCAB7_4	NA	NA	NA	NA
sgNBPF11_2	sgEFTUD1_4	NA	NA	NA	NA
sgNBPF11_4	sgEHD1_4	NA	NA	NA	NA
sgNBPF12_3	sgEI24_1	NA	NA	NA	NA
sgNBPF14_1	sgEI24_4	NA	NA	NA	NA
sgNBPF15_1	sgEIF1AX_2	NA	NA	NA	NA
sgNBPF15_2	sgEIF1AY_3	NA	NA	NA	NA
sgNBPF15_3	sgEIF1B_3	NA	NA	NA	NA
sgNBPF15_4	sgEIF2S3_1	NA	NA	NA	NA
sgNBPF20_1	sgEIF3E_1	NA	NA	NA	NA
sgNBPF20_3	sgEIF3E_2	NA	NA	NA	NA
sgNBPF20_4	sgEIF3E_3	NA	NA	NA	NA
sgNBPF4_1	sgEIF3E_4	NA	NA	NA	NA
sgNBPF4_2	sgEIF3F_1	NA	NA	NA	NA
sgNBPF4_3	sgEIF3F_2	NA	NA	NA	NA
sgNBPF4_4	sgEIF3I_4	NA	NA	NA	NA
sgNBPF6_2	sgEIF3J_4	NA	NA	NA	NA
sgNBPF6_3	sgEIF3K_3	NA	NA	NA	NA
sgNBPF6_4	sgEIF3L_3	NA	NA	NA	NA
sgNBPF8_1	sgEIF4A1_2	NA	NA	NA	NA
sgNBPF8_3	sgEIF4A1_3	NA	NA	NA	NA
sgNBPF8_4	sgEIF4EBP2_1	NA	NA	NA	NA
sgNBPF9_2	sgEIF4EBP2_2	NA	NA	NA	NA
sgNBPF9_4	sgEIF4ENIF1_3	NA	NA	NA	NA
sgNCF1_2	sgEIF4E_2	NA	NA	NA	NA
sgNCF1_3	sgEIF4E_4	NA	NA	NA	NA
sgNDUFA5_4	sgEIF4H_1	NA	NA	NA	NA
sgNDUFAF2_4	sgEIF4H_4	NA	NA	NA	NA
sgNDUFV2_1	sgEIF5A_1	NA	NA	NA	NA
sgNDUFV2_4	sgEIF5_2	NA	NA	NA	NA
sgNEB_2	sgEIF5_3	NA	NA	NA	NA
sgNEB_3	sgELF2_3	NA	NA	NA	NA
sgNEK2_3	sgELK1_2	NA	NA	NA	NA
sgNOMO1_1	sgELK1_3	NA	NA	NA	NA
sgNOMO1_4	sgELL2_4	NA	NA	NA	NA
sgNOMO2_1	sgELL_2	NA	NA	NA	NA
sgNOMO2_3	sgELOF1_3	NA	NA	NA	NA
sgNOMO3_3	sgEMB_2	NA	NA	NA	NA
sgNOMO3_4	sgEMB_4	NA	NA	NA	NA
sgNOTCH2NL_1	sgEMC1_3	NA	NA	NA	NA
sgNOTCH2NL_2	sgENC1_4	NA	NA	NA	NA
sgNOTCH2NL_3	sgENDOD1_2	NA	NA	NA	NA
sgNOTCH2NL_4	sgENDOU_2	NA	NA	NA	NA
sgNPIPA1_1	sgENGASE_4	NA	NA	NA	NA
sgNPIPA1_2	sgENOPH1_2	NA	NA	NA	NA
sgNPIPA1_3	sgENPEP_1	NA	NA	NA	NA
sgNPIPA1_4	sgENSA_4	NA	NA	NA	NA
sgNPIPA2_1	sgENTHD1_2	NA	NA	NA	NA
sgNPIPA2_3	sgENTPD1_4	NA	NA	NA	NA
sgNPIPA2_4	sgENTPD3_3	NA	NA	NA	NA
sgNPIPA5_1	sgENY2_1	NA	NA	NA	NA
sgNPIPA5_2	sgENY2_3	NA	NA	NA	NA
sgNPIPA5_3	sgEPDR1_4	NA	NA	NA	NA
sgNPIPA5_4	sgEPGN_4	NA	NA	NA	NA
sgNPIPA7_1	sgEPHA7_4	NA	NA	NA	NA
sgNPIPA7_2	sgEPHB4_4	NA	NA	NA	NA
sgNPIPA7_3	sgEPHX2_4	NA	NA	NA	NA
sgNPIPA7_4	sgEPN2_2	NA	NA	NA	NA
sgNPIPA8_1	sgEPS8L2_1	NA	NA	NA	NA
sgNPIPA8_2	sgERAP1_4	NA	NA	NA	NA
sgNPIPA8_3	sgERBB3_2	NA	NA	NA	NA
sgNPIPA8_4	sgERH_2	NA	NA	NA	NA
sgNPIPB3_1	sgERH_3	NA	NA	NA	NA
sgNPIPB3_2	sgERH_4	NA	NA	NA	NA
sgNPIPB3_3	sgERICH2_1	NA	NA	NA	NA
sgNPIPB3_4	sgERICH5_2	NA	NA	NA	NA
sgNPIPB5_1	sgERICH6_2	NA	NA	NA	NA
sgNPIPB5_2	sgERV3-1_2	NA	NA	NA	NA
sgNPIPB5_3	sgERV3-1_4	NA	NA	NA	NA
sgNPIPB5_4	sgERVV-1_1	NA	NA	NA	NA
sgNPIPB6_1	sgERVV-2_1	NA	NA	NA	NA
sgNPIPB6_3	sgERVW-1_1	NA	NA	NA	NA
sgNPIPB6_4	sgERVW-1_2	NA	NA	NA	NA
sgNPIPB9_1	sgERVW-1_3	NA	NA	NA	NA
sgNPIPB9_2	sgERVW-1_4	NA	NA	NA	NA
sgNPIPB9_3	sgESCO1_1	NA	NA	NA	NA
sgNPIPB9_4	sgESF1_4	NA	NA	NA	NA
sgNPM1_1	sgESPNL_3	NA	NA	NA	NA
sgNPM1_2	sgESPN_1	NA	NA	NA	NA
sgNPM1_3	sgESPN_2	NA	NA	NA	NA
sgNPY4R_1	sgESPN_3	NA	NA	NA	NA
sgNPY4R_2	sgESR1_2	NA	NA	NA	NA
sgNPY4R_4	sgESRRA_1	NA	NA	NA	NA
sgNRBF2_1	sgESRRA_2	NA	NA	NA	NA
sgNRBF2_3	sgESRRA_4	NA	NA	NA	NA
sgNREP_2	sgETF1_2	NA	NA	NA	NA
sgNREP_3	sgETF1_3	NA	NA	NA	NA
sgNREP_4	sgETV1_1	NA	NA	NA	NA
sgNSA2_2	sgEVPLL_3	NA	NA	NA	NA
sgNSA2_4	sgEWSR1_2	NA	NA	NA	NA
sgNSF_1	sgEWSR1_3	NA	NA	NA	NA
sgNSF_3	sgEXOC5_3	NA	NA	NA	NA
sgNUDT10_2	sgEXOSC3_2	NA	NA	NA	NA
sgNUDT11_3	sgEXOSC7_4	NA	NA	NA	NA
sgNUDT4_1	sgEXOSC8_3	NA	NA	NA	NA
sgNUDT4_2	sgEXT1_1	NA	NA	NA	NA
sgNUDT4_3	sgEYA3_4	NA	NA	NA	NA
sgNUDT4_4	sgEZH1_4	NA	NA	NA	NA
sgNUP50_1	sgEZR_1	NA	NA	NA	NA
sgNUP50_4	sgF13A1_1	NA	NA	NA	NA
sgNUS1_1	sgF5_4	NA	NA	NA	NA
sgNUS1_2	sgF7_4	NA	NA	NA	NA
sgNUS1_4	sgF9_2	NA	NA	NA	NA
sgNUTF2_2	sgFABP7_2	NA	NA	NA	NA
sgNUTM2A_1	sgFABP9_2	NA	NA	NA	NA
sgNUTM2A_2	sgFADS2_3	NA	NA	NA	NA
sgNUTM2A_3	sgFAHD2A_2	NA	NA	NA	NA
sgNUTM2B_1	sgFAHD2A_3	NA	NA	NA	NA
sgNUTM2B_2	sgFAHD2A_4	NA	NA	NA	NA
sgNUTM2B_3	sgFAHD2B_1	NA	NA	NA	NA
sgNUTM2B_4	sgFAHD2B_3	NA	NA	NA	NA
sgNUTM2G_1	sgFAHD2B_4	NA	NA	NA	NA
sgNUTM2G_3	sgFAM104B_1	NA	NA	NA	NA
sgNUTM2G_4	sgFAM104B_2	NA	NA	NA	NA
sgNXF2B_1	sgFAM104B_3	NA	NA	NA	NA
sgNXF2B_2	sgFAM114A2_3	NA	NA	NA	NA
sgNXF2B_3	sgFAM120B_2	NA	NA	NA	NA
sgNXF2B_4	sgFAM120B_3	NA	NA	NA	NA
sgNXF2_1	sgFAM127A_2	NA	NA	NA	NA
sgNXF2_2	sgFAM127A_4	NA	NA	NA	NA
sgNXF2_3	sgFAM127B_1	NA	NA	NA	NA
sgNXF2_4	sgFAM127B_2	NA	NA	NA	NA
sgOBP2A_1	sgFAM127B_3	NA	NA	NA	NA
sgOBP2A_3	sgFAM127B_4	NA	NA	NA	NA
sgOBP2A_4	sgFAM127C_1	NA	NA	NA	NA
sgOBP2B_1	sgFAM127C_3	NA	NA	NA	NA
sgOBP2B_3	sgFAM127C_4	NA	NA	NA	NA
sgOCM_4	sgFAM131A_4	NA	NA	NA	NA
sgOPN1LW_2	sgFAM131C_3	NA	NA	NA	NA
sgOPN1LW_4	sgFAM133A_3	NA	NA	NA	NA
sgOPN1MW2_1	sgFAM133A_4	NA	NA	NA	NA
sgOPN1MW2_2	sgFAM133B_2	NA	NA	NA	NA
sgOPN1MW2_3	sgFAM135B_4	NA	NA	NA	NA
sgOPN1MW2_4	sgFAM13A_2	NA	NA	NA	NA
sgOPN1MW_1	sgFAM149A_2	NA	NA	NA	NA
sgOPN1MW_2	sgFAM149B1_4	NA	NA	NA	NA
sgOPN1MW_3	sgFAM150B_2	NA	NA	NA	NA
sgOPN1MW_4	sgFAM151A_1	NA	NA	NA	NA
sgOR10A2_3	sgFAM151A_3	NA	NA	NA	NA
sgOR10A5_4	sgFAM153A_2	NA	NA	NA	NA
sgOR10G2_2	sgFAM153A_4	NA	NA	NA	NA
sgOR10G4_1	sgFAM159A_3	NA	NA	NA	NA
sgOR10G4_3	sgFAM159B_2	NA	NA	NA	NA
sgOR10G7_1	sgFAM160A2_2	NA	NA	NA	NA
sgOR10G9_1	sgFAM173A_3	NA	NA	NA	NA
sgOR10H1_2	sgFAM175B_4	NA	NA	NA	NA
sgOR10H2_2	sgFAM185A_4	NA	NA	NA	NA
sgOR11H12_1	sgFAM187B_3	NA	NA	NA	NA
sgOR11H12_4	sgFAM189A1_2	NA	NA	NA	NA
sgOR11H1_1	sgFAM195A_2	NA	NA	NA	NA
sgOR11H1_2	sgFAM195A_3	NA	NA	NA	NA
sgOR11H1_3	sgFAM195B_2	NA	NA	NA	NA
sgOR11H1_4	sgFAM204A_3	NA	NA	NA	NA
sgOR11H2_1	sgFAM204A_4	NA	NA	NA	NA
sgOR11H2_2	sgFAM205A_2	NA	NA	NA	NA
sgOR11H2_3	sgFAM205A_4	NA	NA	NA	NA
sgOR11H2_4	sgFAM206A_2	NA	NA	NA	NA
sgOR13C2_1	sgFAM206A_3	NA	NA	NA	NA
sgOR13C2_2	sgFAM207A_1	NA	NA	NA	NA
sgOR13C5_1	sgFAM209B_4	NA	NA	NA	NA
sgOR13C5_2	sgFAM20B_4	NA	NA	NA	NA
sgOR1D5_1	sgFAM213A_4	NA	NA	NA	NA
sgOR1D5_2	sgFAM217A_1	NA	NA	NA	NA
sgOR1D5_4	sgFAM21A_2	NA	NA	NA	NA
sgOR1E1_2	sgFAM21A_3	NA	NA	NA	NA
sgOR1L4_3	sgFAM21A_4	NA	NA	NA	NA
sgOR1L6_1	sgFAM21C_1	NA	NA	NA	NA
sgOR2L3_3	sgFAM220A_1	NA	NA	NA	NA
sgOR2L5_1	sgFAM220A_2	NA	NA	NA	NA
sgOR2L8_2	sgFAM220A_3	NA	NA	NA	NA
sgOR2M2_3	sgFAM220A_4	NA	NA	NA	NA
sgOR2M3_2	sgFAM227B_2	NA	NA	NA	NA
sgOR2M5_1	sgFAM24A_2	NA	NA	NA	NA
sgOR2M7_4	sgFAM24B_2	NA	NA	NA	NA
sgOR2T27_1	sgFAM25A_3	NA	NA	NA	NA
sgOR2T27_3	sgFAM25A_4	NA	NA	NA	NA
sgOR2T27_4	sgFAM26D_2	NA	NA	NA	NA
sgOR2T29_1	sgFAM32A_1	NA	NA	NA	NA
sgOR2T29_2	sgFAM32A_2	NA	NA	NA	NA
sgOR2T29_3	sgFAM32A_3	NA	NA	NA	NA
sgOR2T29_4	sgFAM35A_1	NA	NA	NA	NA
sgOR2T2_1	sgFAM35A_2	NA	NA	NA	NA
sgOR2T2_2	sgFAM45A_4	NA	NA	NA	NA
sgOR2T2_3	sgFAM46D_3	NA	NA	NA	NA
sgOR2T2_4	sgFAM47C_3	NA	NA	NA	NA
sgOR2T33_3	sgFAM47C_4	NA	NA	NA	NA
sgOR2T33_4	sgFAM58A_2	NA	NA	NA	NA
sgOR2T34_2	sgFAM58A_3	NA	NA	NA	NA
sgOR2T34_3	sgFAM58A_4	NA	NA	NA	NA
sgOR2T34_4	sgFAM60A_2	NA	NA	NA	NA
sgOR2T35_1	sgFAM64A_1	NA	NA	NA	NA
sgOR2T35_4	sgFAM64A_2	NA	NA	NA	NA
sgOR2T3_1	sgFAM64A_4	NA	NA	NA	NA
sgOR2T3_3	sgFAM65C_4	NA	NA	NA	NA
sgOR2T5_1	sgFAM71C_2	NA	NA	NA	NA
sgOR2T5_3	sgFAM71C_3	NA	NA	NA	NA
sgOR2T5_4	sgFAM71E2_4	NA	NA	NA	NA
sgOR2T8_1	sgFAM71F2_3	NA	NA	NA	NA
sgOR2T8_2	sgFAM76B_1	NA	NA	NA	NA
sgOR3A1_1	sgFAM86B2_2	NA	NA	NA	NA
sgOR3A2_1	sgFAM8A1_4	NA	NA	NA	NA
sgOR3A2_2	sgFAM90A1_1	NA	NA	NA	NA
sgOR3A3_1	sgFAM90A1_3	NA	NA	NA	NA
sgOR3A3_3	sgFAM90A1_4	NA	NA	NA	NA
sgOR3A3_4	sgFAM91A1_1	NA	NA	NA	NA
sgOR4A47_4	sgFAM91A1_2	NA	NA	NA	NA
sgOR4F16_1	sgFAM92A1_1	NA	NA	NA	NA
sgOR4F16_3	sgFAM92A1_2	NA	NA	NA	NA
sgOR4F16_4	sgFAM9A_2	NA	NA	NA	NA
sgOR4F17_1	sgFAN1_4	NA	NA	NA	NA
sgOR4F17_2	sgFANCD2_4	NA	NA	NA	NA
sgOR4F17_3	sgFANCI_3	NA	NA	NA	NA
sgOR4F17_4	sgFAR1_3	NA	NA	NA	NA
sgOR4F3_1	sgFAR1_4	NA	NA	NA	NA
sgOR4F3_2	sgFAR2_1	NA	NA	NA	NA
sgOR4F3_3	sgFARS2_3	NA	NA	NA	NA
sgOR4F3_4	sgFASLG_2	NA	NA	NA	NA
sgOR4K15_3	sgFAS_3	NA	NA	NA	NA
sgOR4N4_3	sgFAS_4	NA	NA	NA	NA
sgOR52I1_1	sgFAT1_2	NA	NA	NA	NA
sgOR52I1_3	sgFAT2_4	NA	NA	NA	NA
sgOR52I2_1	sgFAU_1	NA	NA	NA	NA
sgOR52K1_2	sgFBLIM1_4	NA	NA	NA	NA
sgOR5H15_2	sgFBXL12_2	NA	NA	NA	NA
sgOR5H1_1	sgFBXL3_4	NA	NA	NA	NA
sgOR5H1_2	sgFBXO18_3	NA	NA	NA	NA
sgOR5H1_3	sgFBXO36_1	NA	NA	NA	NA
sgOR5H1_4	sgFBXO36_4	NA	NA	NA	NA
sgOR5J2_2	sgFBXO38_3	NA	NA	NA	NA
sgOR5K2_2	sgFBXO44_1	NA	NA	NA	NA
sgOR5T1_1	sgFBXO48_1	NA	NA	NA	NA
sgOR5T3_4	sgFBXO5_4	NA	NA	NA	NA
sgOR6B2_1	sgFBXW10_1	NA	NA	NA	NA
sgOR6B3_1	sgFBXW10_3	NA	NA	NA	NA
sgOR7D4_2	sgFBXW10_4	NA	NA	NA	NA
sgOR7E24_3	sgFBXW11_3	NA	NA	NA	NA
sgOR7E24_4	sgFBXW4_2	NA	NA	NA	NA
sgOR8B2_3	sgFBXW8_3	NA	NA	NA	NA
sgOR8B2_4	sgFCF1_2	NA	NA	NA	NA
sgOR8B3_4	sgFCGR1A_2	NA	NA	NA	NA
sgOR8H3_1	sgFCGR2A_1	NA	NA	NA	NA
sgOR9G1_3	sgFCGR2A_3	NA	NA	NA	NA
sgOXCT2_1	sgFCGR2A_4	NA	NA	NA	NA
sgOXCT2_2	sgFCGR2B_4	NA	NA	NA	NA
sgP2RX6_1	sgFCGR3B_3	NA	NA	NA	NA
sgPA2G4_3	sgFCN1_1	NA	NA	NA	NA
sgPABPC1L2A_1	sgFCN1_4	NA	NA	NA	NA
sgPABPC1L2A_2	sgFCN2_1	NA	NA	NA	NA
sgPABPC1L2A_3	sgFCN2_3	NA	NA	NA	NA
sgPABPC1L2A_4	sgFCRLA_2	NA	NA	NA	NA
sgPABPC1L2B_1	sgFDFT1_2	NA	NA	NA	NA
sgPABPC1L2B_2	sgFDX1_1	NA	NA	NA	NA
sgPABPC1L2B_3	sgFDX1_3	NA	NA	NA	NA
sgPABPC1L2B_4	sgFECH_3	NA	NA	NA	NA
sgPAGE2B_3	sgFEM1A_2	NA	NA	NA	NA
sgPAGE2B_4	sgFEM1A_4	NA	NA	NA	NA
sgPAGE2_2	sgFEN1_2	NA	NA	NA	NA
sgPAGE2_4	sgFETUB_1	NA	NA	NA	NA
sgPDAP1_3	sgFETUB_3	NA	NA	NA	NA
sgPDCD6_1	sgFEZF2_3	NA	NA	NA	NA
sgPDCL3_1	sgFGD4_2	NA	NA	NA	NA
sgPDE4DIP_3	sgFGF16_1	NA	NA	NA	NA
sgPDPK1_1	sgFGF21_3	NA	NA	NA	NA
sgPDPK1_2	sgFGF6_1	NA	NA	NA	NA
sgPDPK1_3	sgFGF6_4	NA	NA	NA	NA
sgPDPK1_4	sgFGF7_3	NA	NA	NA	NA
sgPDPR_1	sgFGFBP1_1	NA	NA	NA	NA
sgPDPR_2	sgFGFBP2_3	NA	NA	NA	NA
sgPDPR_4	sgFGL1_1	NA	NA	NA	NA
sgPDZK1_1	sgFHL3_3	NA	NA	NA	NA
sgPET100_1	sgFHL5_4	NA	NA	NA	NA
sgPF4V1_1	sgFKBP11_2	NA	NA	NA	NA
sgPFDN1_1	sgFKBP1A_1	NA	NA	NA	NA
sgPFDN4_1	sgFKBP3_1	NA	NA	NA	NA
sgPGA3_2	sgFKBP3_3	NA	NA	NA	NA
sgPGA3_3	sgFKBP6_1	NA	NA	NA	NA
sgPGA3_4	sgFKBP6_3	NA	NA	NA	NA
sgPGA4_1	sgFKBP9_2	NA	NA	NA	NA
sgPGA4_2	sgFKBP9_3	NA	NA	NA	NA
sgPGA4_3	sgFLG_1	NA	NA	NA	NA
sgPGA4_4	sgFLG_2	NA	NA	NA	NA
sgPGA5_1	sgFLG_4	NA	NA	NA	NA
sgPGA5_2	sgFLYWCH1_4	NA	NA	NA	NA
sgPGA5_3	sgFMN1_3	NA	NA	NA	NA
sgPGAM1_1	sgFMNL2_2	NA	NA	NA	NA
sgPGAM1_2	sgFN1_2	NA	NA	NA	NA
sgPGAM1_3	sgFNBP1L_2	NA	NA	NA	NA
sgPGAM1_4	sgFNDC3B_3	NA	NA	NA	NA
sgPGAM4_3	sgFNIP2_1	NA	NA	NA	NA
sgPGAM4_4	sgFNTA_1	NA	NA	NA	NA
sgPGM5_2	sgFNTA_3	NA	NA	NA	NA
sgPGM5_4	sgFNTA_4	NA	NA	NA	NA
sgPHC1_1	sgFOLH1_1	NA	NA	NA	NA
sgPHC1_2	sgFOLH1_3	NA	NA	NA	NA
sgPHGR1_1	sgFOLH1_4	NA	NA	NA	NA
sgPIGF_3	sgFOLR2_1	NA	NA	NA	NA
sgPILRB_3	sgFOLR2_4	NA	NA	NA	NA
sgPIN4_1	sgFOPNL_1	NA	NA	NA	NA
sgPIN4_2	sgFOSL1_3	NA	NA	NA	NA
sgPIP5K1A_4	sgFOSL1_4	NA	NA	NA	NA
sgPLCXD1_1	sgFOXB1_4	NA	NA	NA	NA
sgPLCXD1_2	sgFOXB2_3	NA	NA	NA	NA
sgPLCXD1_3	sgFOXC1_2	NA	NA	NA	NA
sgPLCXD1_4	sgFOXC1_4	NA	NA	NA	NA
sgPLEKHA3_4	sgFOXD1_1	NA	NA	NA	NA
sgPLGLB1_1	sgFOXD2_1	NA	NA	NA	NA
sgPLGLB1_2	sgFOXD4L1_2	NA	NA	NA	NA
sgPLGLB1_3	sgFOXD4L4_1	NA	NA	NA	NA
sgPLGLB1_4	sgFOXD4L5_1	NA	NA	NA	NA
sgPLGLB2_1	sgFOXD4L5_3	NA	NA	NA	NA
sgPLGLB2_2	sgFOXD4_2	NA	NA	NA	NA
sgPLGLB2_3	sgFOXD4_4	NA	NA	NA	NA
sgPLGLB2_4	sgFOXN3_4	NA	NA	NA	NA
sgPLIN4_3	sgFOXO1_4	NA	NA	NA	NA
sgPNMA6A_1	sgFOXO3_2	NA	NA	NA	NA
sgPNMA6A_2	sgFOXQ1_1	NA	NA	NA	NA
sgPNMA6A_3	sgFRA10AC1_3	NA	NA	NA	NA
sgPNMA6A_4	sgFRAS1_4	NA	NA	NA	NA
sgPNRC2_2	sgFRG1_1	NA	NA	NA	NA
sgPOLR2J3_1	sgFRG1_4	NA	NA	NA	NA
sgPOLR2J3_2	sgFRG2B_1	NA	NA	NA	NA
sgPOLR2J3_3	sgFRG2B_3	NA	NA	NA	NA
sgPOLR2J3_4	sgFRG2C_4	NA	NA	NA	NA
sgPOLR2J_1	sgFRG2_1	NA	NA	NA	NA
sgPOLR2J_2	sgFRMD8_2	NA	NA	NA	NA
sgPOLR2J_3	sgFSBP_2	NA	NA	NA	NA
sgPOLR2J_4	sgFSCN1_1	NA	NA	NA	NA
sgPOLR2M_3	sgFSCN1_4	NA	NA	NA	NA
sgPOLR2M_4	sgFSHR_1	NA	NA	NA	NA
sgPOM121C_2	sgFTH1_2	NA	NA	NA	NA
sgPOM121C_3	sgFTL_1	NA	NA	NA	NA
sgPOM121_3	sgFTL_2	NA	NA	NA	NA
sgPOM121_4	sgFTL_4	NA	NA	NA	NA
sgPOMZP3_1	sgFTO_4	NA	NA	NA	NA
sgPOMZP3_2	sgFUCA1_2	NA	NA	NA	NA
sgPOMZP3_3	sgFUNDC1_1	NA	NA	NA	NA
sgPOMZP3_4	sgFUNDC2_3	NA	NA	NA	NA
sgPOTEB2_1	sgFUNDC2_4	NA	NA	NA	NA
sgPOTEB2_2	sgFUT3_2	NA	NA	NA	NA
sgPOTEB2_3	sgFUT3_4	NA	NA	NA	NA
sgPOTEB3_1	sgFUT5_3	NA	NA	NA	NA
sgPOTEB3_2	sgFXR1_3	NA	NA	NA	NA
sgPOTEB3_3	sgFXYD5_2	NA	NA	NA	NA
sgPOTEC_1	sgFYTTD1_1	NA	NA	NA	NA
sgPOTEC_3	sgFYTTD1_3	NA	NA	NA	NA
sgPOTED_3	sgFZD10_4	NA	NA	NA	NA
sgPOTEE_1	sgFZD4_1	NA	NA	NA	NA
sgPOTEE_4	sgFZD5_3	NA	NA	NA	NA
sgPOTEF_2	sgFZR1_4	NA	NA	NA	NA
sgPOTEF_3	sgG3BP1_4	NA	NA	NA	NA
sgPOTEF_4	sgGABARAPL1_1	NA	NA	NA	NA
sgPOTEG_1	sgGABARAPL1_2	NA	NA	NA	NA
sgPOTEG_3	sgGABARAPL2_1	NA	NA	NA	NA
sgPOTEG_4	sgGABARAP_1	NA	NA	NA	NA
sgPOTEH_1	sgGABPA_3	NA	NA	NA	NA
sgPOTEH_3	sgGABPB1_4	NA	NA	NA	NA
sgPOTEH_4	sgGABRA2_2	NA	NA	NA	NA
sgPOTEI_1	sgGABRA6_1	NA	NA	NA	NA
sgPOTEI_3	sgGABRG1_1	NA	NA	NA	NA
sgPOTEI_4	sgGAGE10_4	NA	NA	NA	NA
sgPOTEJ_1	sgGAGE12H_2	NA	NA	NA	NA
sgPOTEJ_2	sgGAGE12H_4	NA	NA	NA	NA
sgPOTEJ_3	sgGAGE12J_3	NA	NA	NA	NA
sgPOTEJ_4	sgGAGE12J_4	NA	NA	NA	NA
sgPOTEM_1	sgGAGE2A_1	NA	NA	NA	NA
sgPOTEM_2	sgGAGE2A_3	NA	NA	NA	NA
sgPPIAL4A_3	sgGAGE2A_4	NA	NA	NA	NA
sgPPIAL4A_4	sgGALNS_4	NA	NA	NA	NA
sgPPIAL4C_1	sgGALNT11_4	NA	NA	NA	NA
sgPPIAL4C_2	sgGALR3_1	NA	NA	NA	NA
sgPPIAL4C_3	sgGANAB_4	NA	NA	NA	NA
sgPPIAL4C_4	sgGAPDH_1	NA	NA	NA	NA
sgPPIAL4D_1	sgGAPDH_3	NA	NA	NA	NA
sgPPIAL4D_2	sgGAPDH_4	NA	NA	NA	NA
sgPPIAL4D_4	sgGAR1_3	NA	NA	NA	NA
sgPPIAL4E_1	sgGAR1_4	NA	NA	NA	NA
sgPPIAL4E_2	sgGARS_1	NA	NA	NA	NA
sgPPIAL4E_3	sgGATSL2_1	NA	NA	NA	NA
sgPPIAL4E_4	sgGATSL2_3	NA	NA	NA	NA
sgPPIAL4F_1	sgGATSL2_4	NA	NA	NA	NA
sgPPIAL4F_2	sgGBA_1	NA	NA	NA	NA
sgPPIAL4F_3	sgGBP1_2	NA	NA	NA	NA
sgPPIAL4F_4	sgGBP1_3	NA	NA	NA	NA
sgPPIAL4G_1	sgGBP1_4	NA	NA	NA	NA
sgPPIAL4G_3	sgGBP2_4	NA	NA	NA	NA
sgPPIP5K1_1	sgGBP7_4	NA	NA	NA	NA
sgPPIP5K1_2	sgGBX1_3	NA	NA	NA	NA
sgPPIP5K1_3	sgGCAT_3	NA	NA	NA	NA
sgPPIP5K1_4	sgGCAT_4	NA	NA	NA	NA
sgPPP1R14B_2	sgGCC2_2	NA	NA	NA	NA
sgPPP1R14B_3	sgGCDH_3	NA	NA	NA	NA
sgPPP2R3B_1	sgGCNT2_2	NA	NA	NA	NA
sgPPP2R3B_2	sgGEMIN5_3	NA	NA	NA	NA
sgPPP2R3B_3	sgGEMIN7_2	NA	NA	NA	NA
sgPPP2R3B_4	sgGEMIN7_3	NA	NA	NA	NA
sgPPP4R2_1	sgGEMIN7_4	NA	NA	NA	NA
sgPRAMEF10_1	sgGEMIN8_1	NA	NA	NA	NA
sgPRAMEF10_2	sgGEMIN8_2	NA	NA	NA	NA
sgPRAMEF10_3	sgGEMIN8_3	NA	NA	NA	NA
sgPRAMEF11_4	sgGGT1_1	NA	NA	NA	NA
sgPRAMEF14_2	sgGGT1_2	NA	NA	NA	NA
sgPRAMEF14_3	sgGGT1_3	NA	NA	NA	NA
sgPRAMEF15_1	sgGGT1_4	NA	NA	NA	NA
sgPRAMEF15_2	sgGGT7_2	NA	NA	NA	NA
sgPRAMEF15_4	sgGGTLC1_1	NA	NA	NA	NA
sgPRAMEF1_1	sgGGTLC1_4	NA	NA	NA	NA
sgPRAMEF1_3	sgGGTLC2_1	NA	NA	NA	NA
sgPRAMEF1_4	sgGGTLC2_2	NA	NA	NA	NA
sgPRAMEF5_1	sgGGTLC2_3	NA	NA	NA	NA
sgPRAMEF5_2	sgGGTLC2_4	NA	NA	NA	NA
sgPRAMEF5_3	sgGH1_1	NA	NA	NA	NA
sgPRAMEF5_4	sgGH1_2	NA	NA	NA	NA
sgPRAMEF6_1	sgGH1_4	NA	NA	NA	NA
sgPRAMEF6_2	sgGH2_2	NA	NA	NA	NA
sgPRAMEF6_3	sgGHRH_2	NA	NA	NA	NA
sgPRAMEF6_4	sgGIMAP7_3	NA	NA	NA	NA
sgPRAMEF7_1	sgGINS2_2	NA	NA	NA	NA
sgPRAMEF7_3	sgGJA1_1	NA	NA	NA	NA
sgPRAMEF7_4	sgGJA1_2	NA	NA	NA	NA
sgPRAMEF8_2	sgGJA1_3	NA	NA	NA	NA
sgPRAMEF8_3	sgGJA1_4	NA	NA	NA	NA
sgPRAMEF8_4	sgGJA8_3	NA	NA	NA	NA
sgPRAMEF9_1	sgGJB7_2	NA	NA	NA	NA
sgPRAMEF9_3	sgGJD2_3	NA	NA	NA	NA
sgPRAMEF9_4	sgGKAP1_1	NA	NA	NA	NA
sgPRB2_1	sgGK_1	NA	NA	NA	NA
sgPRB2_2	sgGLB1L_2	NA	NA	NA	NA
sgPRB2_3	sgGLDC_2	NA	NA	NA	NA
sgPRB3_2	sgGLDC_4	NA	NA	NA	NA
sgPRB3_4	sgGLIPR1L2_4	NA	NA	NA	NA
sgPRB4_2	sgGLO1_1	NA	NA	NA	NA
sgPRB4_3	sgGLRB_1	NA	NA	NA	NA
sgPRG4_2	sgGLRX3_3	NA	NA	NA	NA
sgPRG4_3	sgGLRX5_4	NA	NA	NA	NA
sgPRH1_1	sgGLRX_1	NA	NA	NA	NA
sgPRKRIR_2	sgGLRX_2	NA	NA	NA	NA
sgPRKRIR_3	sgGLRX_4	NA	NA	NA	NA
sgPRKRIR_4	sgGLTP_3	NA	NA	NA	NA
sgPRODH2_3	sgGLTSCR1_4	NA	NA	NA	NA
sgPRR13_2	sgGLTSCR2_1	NA	NA	NA	NA
sgPRR13_3	sgGLUD1_1	NA	NA	NA	NA
sgPRR20A_1	sgGLUD1_2	NA	NA	NA	NA
sgPRR20A_2	sgGLUD1_4	NA	NA	NA	NA
sgPRR20A_3	sgGLUD2_1	NA	NA	NA	NA
sgPRR20A_4	sgGLUL_2	NA	NA	NA	NA
sgPRR20B_1	sgGLUL_3	NA	NA	NA	NA
sgPRR20B_2	sgGLYATL1_2	NA	NA	NA	NA
sgPRR20B_3	sgGLYATL2_1	NA	NA	NA	NA
sgPRR20B_4	sgGM2A_1	NA	NA	NA	NA
sgPRR20C_1	sgGMCL1_3	NA	NA	NA	NA
sgPRR20C_2	sgGMFB_1	NA	NA	NA	NA
sgPRR20C_3	sgGNA11_3	NA	NA	NA	NA
sgPRR20C_4	sgGNAQ_2	NA	NA	NA	NA
sgPRR20D_1	sgGNB2_2	NA	NA	NA	NA
sgPRR20D_2	sgGNG10_1	NA	NA	NA	NA
sgPRR20D_3	sgGNG11_2	NA	NA	NA	NA
sgPRR20D_4	sgGNG5_1	NA	NA	NA	NA
sgPRR20E_1	sgGNG5_2	NA	NA	NA	NA
sgPRR20E_2	sgGNG8_4	NA	NA	NA	NA
sgPRR20E_3	sgGNL1_2	NA	NA	NA	NA
sgPRR20E_4	sgGNL2_4	NA	NA	NA	NA
sgPRR23D1_1	sgGNPNAT1_1	NA	NA	NA	NA
sgPRR23D1_2	sgGNPNAT1_3	NA	NA	NA	NA
sgPRR23D1_3	sgGNRH1_2	NA	NA	NA	NA
sgPRR23D1_4	sgGOLGA5_3	NA	NA	NA	NA
sgPRR23D2_1	sgGOLGA6L2_3	NA	NA	NA	NA
sgPRR23D2_2	sgGOLGA6L6_3	NA	NA	NA	NA
sgPRR23D2_3	sgGOLGA6L6_4	NA	NA	NA	NA
sgPRR23D2_4	sgGOLGA6L9_4	NA	NA	NA	NA
sgPRR36_2	sgGOLGA7_1	NA	NA	NA	NA
sgPSG1_4	sgGOLGA7_2	NA	NA	NA	NA
sgPSG2_1	sgGOLGA8A_2	NA	NA	NA	NA
sgPSG2_2	sgGOLGA8J_1	NA	NA	NA	NA
sgPSG2_4	sgGOLGA8K_2	NA	NA	NA	NA
sgPSG4_4	sgGOLGA8M_4	NA	NA	NA	NA
sgPSG5_3	sgGOLGA8N_1	NA	NA	NA	NA
sgPSMC1_1	sgGOLM1_1	NA	NA	NA	NA
sgPSMD10_3	sgGOSR1_1	NA	NA	NA	NA
sgPTEN_1	sgGOT2_1	NA	NA	NA	NA
sgPTEN_2	sgGOT2_2	NA	NA	NA	NA
sgPTEN_3	sgGPATCH11_3	NA	NA	NA	NA
sgPTEN_4	sgGPBP1_2	NA	NA	NA	NA
sgPTGES3_1	sgGPBP1_3	NA	NA	NA	NA
sgPTGR2_1	sgGPC5_2	NA	NA	NA	NA
sgPTMA_1	sgGPCPD1_1	NA	NA	NA	NA
sgPTP4A2_3	sgGPCPD1_3	NA	NA	NA	NA
sgPTP4A2_4	sgGPCPD1_4	NA	NA	NA	NA
sgPTPN20_1	sgGPD1_1	NA	NA	NA	NA
sgPTPN20_2	sgGPD2_1	NA	NA	NA	NA
sgPTPN20_3	sgGPD2_4	NA	NA	NA	NA
sgPTPRH_1	sgGPNMB_2	NA	NA	NA	NA
sgPTPRH_4	sgGPR161_4	NA	NA	NA	NA
sgPYURF_3	sgGPR180_3	NA	NA	NA	NA
sgRAB18_2	sgGPR19_1	NA	NA	NA	NA
sgRAB40AL_1	sgGPR32_3	NA	NA	NA	NA
sgRAB40AL_3	sgGPR61_3	NA	NA	NA	NA
sgRAB40AL_4	sgGPR88_2	NA	NA	NA	NA
sgRAB40A_1	sgGPRC5A_2	NA	NA	NA	NA
sgRAB40A_2	sgGPRC6A_4	NA	NA	NA	NA
sgRAB42_1	sgGPRIN2_1	NA	NA	NA	NA
sgRAB42_3	sgGPRIN2_3	NA	NA	NA	NA
sgRAB43_3	sgGPRIN2_4	NA	NA	NA	NA
sgRAB6C_1	sgGPX1_1	NA	NA	NA	NA
sgRAB6C_3	sgGPX1_2	NA	NA	NA	NA
sgRAB6C_4	sgGPX1_3	NA	NA	NA	NA
sgRABL2A_1	sgGPX7_2	NA	NA	NA	NA
sgRABL2A_3	sgGRB2_1	NA	NA	NA	NA
sgRABL2B_1	sgGREM1_3	NA	NA	NA	NA
sgRABL2B_3	sgGRIN3A_4	NA	NA	NA	NA
sgRAC1_2	sgGRK6_4	NA	NA	NA	NA
sgRAC1_3	sgGRM3_3	NA	NA	NA	NA
sgRALGAPA1_3	sgGRM7_1	NA	NA	NA	NA
sgRANBP1_1	sgGRPEL2_1	NA	NA	NA	NA
sgRAP1B_3	sgGRPEL2_2	NA	NA	NA	NA
sgRAP1B_4	sgGSK3B_1	NA	NA	NA	NA
sgRASA4B_1	sgGSTA1_2	NA	NA	NA	NA
sgRASA4B_3	sgGSTA1_3	NA	NA	NA	NA
sgRASA4B_4	sgGSTA2_1	NA	NA	NA	NA
sgRASA4_2	sgGSTA2_2	NA	NA	NA	NA
sgRASA4_3	sgGSTA5_1	NA	NA	NA	NA
sgRASA4_4	sgGSTA5_2	NA	NA	NA	NA
sgRBM11_2	sgGSTA5_3	NA	NA	NA	NA
sgRBM4_4	sgGSTCD_1	NA	NA	NA	NA
sgRBMS2_1	sgGSTM3_4	NA	NA	NA	NA
sgRBMX_3	sgGSTM4_2	NA	NA	NA	NA
sgRBMX_4	sgGSTM4_3	NA	NA	NA	NA
sgRBMY1A1_1	sgGSTM5_2	NA	NA	NA	NA
sgRBMY1A1_2	sgGSTM5_3	NA	NA	NA	NA
sgRBMY1A1_3	sgGSTM5_4	NA	NA	NA	NA
sgRBMY1A1_4	sgGSTO1_1	NA	NA	NA	NA
sgRBMY1B_1	sgGSTO1_2	NA	NA	NA	NA
sgRBMY1B_2	sgGSTO2_2	NA	NA	NA	NA
sgRBMY1B_3	sgGSTP1_4	NA	NA	NA	NA
sgRBMY1B_4	sgGTF2H2C_2	NA	NA	NA	NA
sgRBMY1D_1	sgGTF2H2C_4	NA	NA	NA	NA
sgRBMY1D_2	sgGTF2H2_1	NA	NA	NA	NA
sgRBMY1D_3	sgGTF2H2_2	NA	NA	NA	NA
sgRBMY1D_4	sgGTF2IRD1_4	NA	NA	NA	NA
sgRBMY1E_1	sgGTF2IRD2B_2	NA	NA	NA	NA
sgRBMY1E_2	sgGTF2IRD2_4	NA	NA	NA	NA
sgRBMY1E_3	sgGTF2I_1	NA	NA	NA	NA
sgRBMY1E_4	sgGTF2I_3	NA	NA	NA	NA
sgRBMY1F_1	sgGTSF1_2	NA	NA	NA	NA
sgRBMY1F_2	sgGUCA2A_2	NA	NA	NA	NA
sgRBMY1F_3	sgGUSB_1	NA	NA	NA	NA
sgRBMY1F_4	sgGUSB_3	NA	NA	NA	NA
sgRBMY1J_1	sgGYG1_1	NA	NA	NA	NA
sgRBMY1J_2	sgGYG1_2	NA	NA	NA	NA
sgRBMY1J_3	sgGYPA_3	NA	NA	NA	NA
sgRBMY1J_4	sgGYPC_4	NA	NA	NA	NA
sgRBPJ_4	sgGZMB_4	NA	NA	NA	NA
sgRCN1_2	sgH1FOO_3	NA	NA	NA	NA
sgRFPL1_1	sgH2AFB1_4	NA	NA	NA	NA
sgRFPL3_2	sgH2AFJ_1	NA	NA	NA	NA
sgRFPL4AL1_3	sgH2AFX_2	NA	NA	NA	NA
sgRFPL4AL1_4	sgH2AFZ_3	NA	NA	NA	NA
sgRFPL4A_1	sgH2AFZ_4	NA	NA	NA	NA
sgRFPL4A_3	sgH2BFM_1	NA	NA	NA	NA
sgRFPL4A_4	sgH2BFWT_3	NA	NA	NA	NA
sgRGPD1_1	sgH3F3B_2	NA	NA	NA	NA
sgRGPD1_2	sgH3F3C_2	NA	NA	NA	NA
sgRGPD1_3	sgH3F3C_3	NA	NA	NA	NA
sgRGPD1_4	sgHADHA_3	NA	NA	NA	NA
sgRGPD2_1	sgHADHA_4	NA	NA	NA	NA
sgRGPD2_2	sgHADHB_3	NA	NA	NA	NA
sgRGPD2_3	sgHAMP_2	NA	NA	NA	NA
sgRGPD2_4	sgHAUS1_1	NA	NA	NA	NA
sgRGPD3_1	sgHAUS1_4	NA	NA	NA	NA
sgRGPD3_2	sgHAUS4_3	NA	NA	NA	NA
sgRGPD3_3	sgHAUS6_2	NA	NA	NA	NA
sgRGPD4_1	sgHAVCR1_1	NA	NA	NA	NA
sgRGPD4_2	sgHAVCR1_2	NA	NA	NA	NA
sgRGPD5_1	sgHAVCR2_3	NA	NA	NA	NA
sgRGPD5_2	sgHAX1_1	NA	NA	NA	NA
sgRGPD5_3	sgHAX1_3	NA	NA	NA	NA
sgRGPD5_4	sgHBB_2	NA	NA	NA	NA
sgRGPD6_1	sgHBB_3	NA	NA	NA	NA
sgRGPD6_2	sgHBD_1	NA	NA	NA	NA
sgRGPD6_3	sgHBD_2	NA	NA	NA	NA
sgRGPD6_4	sgHBG1_3	NA	NA	NA	NA
sgRGPD8_2	sgHCAR2_3	NA	NA	NA	NA
sgRGPD8_3	sgHCAR3_1	NA	NA	NA	NA
sgRGPD8_4	sgHCAR3_2	NA	NA	NA	NA
sgRHEB_4	sgHCAR3_3	NA	NA	NA	NA
sgRHOQ_4	sgHCLS1_4	NA	NA	NA	NA
sgRHOXF2B_2	sgHCN2_2	NA	NA	NA	NA
sgRHOXF2B_3	sgHCN2_3	NA	NA	NA	NA
sgRHOXF2B_4	sgHDAC11_1	NA	NA	NA	NA
sgRHOXF2_2	sgHDHD1_2	NA	NA	NA	NA
sgRHOXF2_3	sgHECA_2	NA	NA	NA	NA
sgRHOXF2_4	sgHEG1_4	NA	NA	NA	NA
sgRIMBP3B_1	sgHELB_3	NA	NA	NA	NA
sgRIMBP3B_3	sgHERPUD2_1	NA	NA	NA	NA
sgRIMBP3_2	sgHEXA_4	NA	NA	NA	NA
sgRIMBP3_3	sgHEXIM1_1	NA	NA	NA	NA
sgRIMBP3_4	sgHFE_3	NA	NA	NA	NA
sgRLN2_2	sgHHAT_4	NA	NA	NA	NA
sgRLN2_3	sgHHLA1_1	NA	NA	NA	NA
sgRNF13_3	sgHIGD1A_1	NA	NA	NA	NA
sgRNF5_2	sgHIGD1A_3	NA	NA	NA	NA
sgRNPS1_4	sgHIGD1A_4	NA	NA	NA	NA
sgROPN1B_2	sgHIGD1B_1	NA	NA	NA	NA
sgROPN1_4	sgHIGD2A_2	NA	NA	NA	NA
sgRPL10A_2	sgHIGD2A_4	NA	NA	NA	NA
sgRPL10A_4	sgHINT2_3	NA	NA	NA	NA
sgRPL10_2	sgHINT2_4	NA	NA	NA	NA
sgRPL10_4	sgHIST1H1A_4	NA	NA	NA	NA
sgRPL12_1	sgHIST1H1C_3	NA	NA	NA	NA
sgRPL13_4	sgHIST1H2AB_4	NA	NA	NA	NA
sgRPL14_2	sgHIST1H2AC_1	NA	NA	NA	NA
sgRPL14_3	sgHIST1H2AC_4	NA	NA	NA	NA
sgRPL15_2	sgHIST1H2AD_1	NA	NA	NA	NA
sgRPL15_3	sgHIST1H2AD_2	NA	NA	NA	NA
sgRPL15_4	sgHIST1H2AD_3	NA	NA	NA	NA
sgRPL17_1	sgHIST1H2AE_3	NA	NA	NA	NA
sgRPL18A_1	sgHIST1H2AE_4	NA	NA	NA	NA
sgRPL18A_2	sgHIST1H2AG_1	NA	NA	NA	NA
sgRPL18A_4	sgHIST1H2AG_2	NA	NA	NA	NA
sgRPL19_1	sgHIST1H2AH_1	NA	NA	NA	NA
sgRPL19_2	sgHIST1H2AH_4	NA	NA	NA	NA
sgRPL21_1	sgHIST1H2AK_1	NA	NA	NA	NA
sgRPL21_3	sgHIST1H2AK_4	NA	NA	NA	NA
sgRPL22_2	sgHIST1H2AL_1	NA	NA	NA	NA
sgRPL22_3	sgHIST1H2AL_2	NA	NA	NA	NA
sgRPL22_4	sgHIST1H2AL_4	NA	NA	NA	NA
sgRPL23A_2	sgHIST1H2AM_2	NA	NA	NA	NA
sgRPL23A_3	sgHIST1H2AM_4	NA	NA	NA	NA
sgRPL23A_4	sgHIST1H2BC_1	NA	NA	NA	NA
sgRPL24_2	sgHIST1H2BC_3	NA	NA	NA	NA
sgRPL26L1_1	sgHIST1H2BC_4	NA	NA	NA	NA
sgRPL26L1_3	sgHIST1H2BD_1	NA	NA	NA	NA
sgRPL26L1_4	sgHIST1H2BE_2	NA	NA	NA	NA
sgRPL26_1	sgHIST1H2BE_3	NA	NA	NA	NA
sgRPL26_3	sgHIST1H2BF_1	NA	NA	NA	NA
sgRPL26_4	sgHIST1H2BF_2	NA	NA	NA	NA
sgRPL27A_1	sgHIST1H2BF_3	NA	NA	NA	NA
sgRPL27A_2	sgHIST1H2BF_4	NA	NA	NA	NA
sgRPL27A_4	sgHIST1H2BG_2	NA	NA	NA	NA
sgRPL27_3	sgHIST1H2BG_4	NA	NA	NA	NA
sgRPL29_2	sgHIST1H2BH_1	NA	NA	NA	NA
sgRPL29_3	sgHIST1H2BH_2	NA	NA	NA	NA
sgRPL29_4	sgHIST1H2BH_3	NA	NA	NA	NA
sgRPL31_2	sgHIST1H2BH_4	NA	NA	NA	NA
sgRPL31_3	sgHIST1H2BI_2	NA	NA	NA	NA
sgRPL32_1	sgHIST1H2BI_4	NA	NA	NA	NA
sgRPL32_2	sgHIST1H2BJ_3	NA	NA	NA	NA
sgRPL32_3	sgHIST1H2BJ_4	NA	NA	NA	NA
sgRPL32_4	sgHIST1H2BK_2	NA	NA	NA	NA
sgRPL34_1	sgHIST1H2BL_1	NA	NA	NA	NA
sgRPL34_2	sgHIST1H2BL_2	NA	NA	NA	NA
sgRPL34_3	sgHIST1H2BL_4	NA	NA	NA	NA
sgRPL34_4	sgHIST1H2BM_1	NA	NA	NA	NA
sgRPL35A_1	sgHIST1H2BN_1	NA	NA	NA	NA
sgRPL36AL_1	sgHIST1H2BN_3	NA	NA	NA	NA
sgRPL36AL_3	sgHIST1H2BN_4	NA	NA	NA	NA
sgRPL36A_4	sgHIST1H2BO_2	NA	NA	NA	NA
sgRPL37A_3	sgHIST1H2BO_3	NA	NA	NA	NA
sgRPL37A_4	sgHIST1H3A_4	NA	NA	NA	NA
sgRPL37_3	sgHIST1H3C_1	NA	NA	NA	NA
sgRPL39_1	sgHIST1H3C_3	NA	NA	NA	NA
sgRPL39_2	sgHIST1H3D_2	NA	NA	NA	NA
sgRPL39_3	sgHIST1H3E_4	NA	NA	NA	NA
sgRPL39_4	sgHIST1H3G_1	NA	NA	NA	NA
sgRPL41_3	sgHIST1H3G_2	NA	NA	NA	NA
sgRPL5_1	sgHIST1H3I_1	NA	NA	NA	NA
sgRPL6_1	sgHIST1H3I_2	NA	NA	NA	NA
sgRPL6_2	sgHIST1H3I_4	NA	NA	NA	NA
sgRPL6_4	sgHIST1H3J_2	NA	NA	NA	NA
sgRPL7A_2	sgHIST1H4C_3	NA	NA	NA	NA
sgRPL7L1_1	sgHIST1H4E_2	NA	NA	NA	NA
sgRPL7L1_2	sgHIST1H4H_1	NA	NA	NA	NA
sgRPL7_2	sgHIST1H4H_3	NA	NA	NA	NA
sgRPL7_3	sgHIST2H2AB_1	NA	NA	NA	NA
sgRPL9_1	sgHIST2H2AC_2	NA	NA	NA	NA
sgRPL9_2	sgHIST2H2AC_4	NA	NA	NA	NA
sgRPLP1_3	sgHIST2H2BE_2	NA	NA	NA	NA
sgRPLP1_4	sgHIST2H2BF_3	NA	NA	NA	NA
sgRPS10_1	sgHIST2H3D_2	NA	NA	NA	NA
sgRPS10_4	sgHIST3H2A_2	NA	NA	NA	NA
sgRPS12_4	sgHIST3H2BB_2	NA	NA	NA	NA
sgRPS13_4	sgHIST3H3_4	NA	NA	NA	NA
sgRPS14_3	sgHIST4H4_2	NA	NA	NA	NA
sgRPS14_4	sgHK2_3	NA	NA	NA	NA
sgRPS15A_1	sgHLA-A_1	NA	NA	NA	NA
sgRPS15A_3	sgHLA-B_1	NA	NA	NA	NA
sgRPS15A_4	sgHLA-B_3	NA	NA	NA	NA
sgRPS15_1	sgHLA-B_4	NA	NA	NA	NA
sgRPS15_2	sgHLA-C_3	NA	NA	NA	NA
sgRPS17_4	sgHLA-DOA_2	NA	NA	NA	NA
sgRPS18_2	sgHLA-DOB_1	NA	NA	NA	NA
sgRPS18_4	sgHLA-DPB1_2	NA	NA	NA	NA
sgRPS20_1	sgHLA-DPB1_3	NA	NA	NA	NA
sgRPS20_3	sgHLA-DQA1_1	NA	NA	NA	NA
sgRPS23_4	sgHLA-DQA1_2	NA	NA	NA	NA
sgRPS24_3	sgHLA-DQA2_4	NA	NA	NA	NA
sgRPS25_1	sgHLA-DQB1_4	NA	NA	NA	NA
sgRPS25_4	sgHLA-DQB2_1	NA	NA	NA	NA
sgRPS26_1	sgHLA-DQB2_2	NA	NA	NA	NA
sgRPS26_2	sgHLA-DQB2_4	NA	NA	NA	NA
sgRPS26_4	sgHLA-DRA_4	NA	NA	NA	NA
sgRPS27A_1	sgHLA-DRB1_1	NA	NA	NA	NA
sgRPS27A_3	sgHLA-DRB1_2	NA	NA	NA	NA
sgRPS27A_4	sgHLA-DRB1_3	NA	NA	NA	NA
sgRPS27L_1	sgHLA-E_1	NA	NA	NA	NA
sgRPS27_1	sgHLA-E_3	NA	NA	NA	NA
sgRPS27_2	sgHLA-G_2	NA	NA	NA	NA
sgRPS27_3	sgHLX_2	NA	NA	NA	NA
sgRPS27_4	sgHMBS_2	NA	NA	NA	NA
sgRPS28_1	sgHMGA1_2	NA	NA	NA	NA
sgRPS28_2	sgHMGA1_4	NA	NA	NA	NA
sgRPS29_1	sgHMGB2_4	NA	NA	NA	NA
sgRPS29_4	sgHMGB3_1	NA	NA	NA	NA
sgRPS3A_1	sgHMGB3_2	NA	NA	NA	NA
sgRPS3A_2	sgHMGB3_4	NA	NA	NA	NA
sgRPS3A_3	sgHMGB4_2	NA	NA	NA	NA
sgRPS4X_3	sgHMGN2_3	NA	NA	NA	NA
sgRPS6_3	sgHMGN3_3	NA	NA	NA	NA
sgRPS7_1	sgHMHB1_2	NA	NA	NA	NA
sgRPS7_4	sgHMSD_1	NA	NA	NA	NA
sgRPS8_1	sgHNF4G_1	NA	NA	NA	NA
sgRPS8_4	sgHNRNPA1L2_2	NA	NA	NA	NA
sgRPS9_3	sgHNRNPCL1_2	NA	NA	NA	NA
sgRPSA_1	sgHNRNPCL2_4	NA	NA	NA	NA
sgRPSA_2	sgHNRNPCL4_2	NA	NA	NA	NA
sgRPTN_4	sgHNRNPC_3	NA	NA	NA	NA
sgRRN3_3	sgHNRNPC_4	NA	NA	NA	NA
sgRSL24D1_2	sgHNRNPH2_2	NA	NA	NA	NA
sgRSL24D1_4	sgHNRNPK_3	NA	NA	NA	NA
sgRSPH10B2_1	sgHNRNPK_4	NA	NA	NA	NA
sgRSPH10B2_2	sgHNRNPL_1	NA	NA	NA	NA
sgRSPH10B2_3	sgHNRNPL_2	NA	NA	NA	NA
sgRSPH10B2_4	sgHNRNPL_3	NA	NA	NA	NA
sgRSPH10B_1	sgHNRNPR_2	NA	NA	NA	NA
sgRSPH10B_2	sgHOMER2_4	NA	NA	NA	NA
sgRSPH10B_4	sgHOOK1_3	NA	NA	NA	NA
sgRWDD4_1	sgHORMAD1_3	NA	NA	NA	NA
sgRWDD4_4	sgHORMAD1_4	NA	NA	NA	NA
sgS100A7A_3	sgHOXA3_4	NA	NA	NA	NA
sgS100A7A_4	sgHOXB2_1	NA	NA	NA	NA
sgS100A7_2	sgHOXB4_2	NA	NA	NA	NA
sgSAA1_1	sgHOXD3_4	NA	NA	NA	NA
sgSAA1_3	sgHPCAL1_1	NA	NA	NA	NA
sgSAA1_4	sgHPGD_4	NA	NA	NA	NA
sgSAA2_1	sgHPRT1_3	NA	NA	NA	NA
sgSAA2_2	sgHP_3	NA	NA	NA	NA
sgSAA2_4	sgHRASLS2_3	NA	NA	NA	NA
sgSAGE1_3	sgHRSP12_4	NA	NA	NA	NA
sgSATL1_4	sgHS1BP3_3	NA	NA	NA	NA
sgSCGB1C1_1	sgHS2ST1_4	NA	NA	NA	NA
sgSCGB1C1_2	sgHS3ST2_4	NA	NA	NA	NA
sgSCGB1C1_3	sgHS3ST3B1_1	NA	NA	NA	NA
sgSCGB1C1_4	sgHS6ST1_3	NA	NA	NA	NA
sgSCGB1C2_2	sgHS6ST3_1	NA	NA	NA	NA
sgSCGB1C2_3	sgHS6ST3_2	NA	NA	NA	NA
sgSCGB1C2_4	sgHSBP1_3	NA	NA	NA	NA
sgSCGB2B2_1	sgHSD17B13_4	NA	NA	NA	NA
sgSDHC_1	sgHSD17B1_1	NA	NA	NA	NA
sgSDHD_3	sgHSD17B1_3	NA	NA	NA	NA
sgSDHD_4	sgHSD17B7_4	NA	NA	NA	NA
sgSEC22B_1	sgHSD3B1_2	NA	NA	NA	NA
sgSEC22B_3	sgHSD3B1_4	NA	NA	NA	NA
sgSELK_3	sgHSD3B2_3	NA	NA	NA	NA
sgSELK_4	sgHSF2_4	NA	NA	NA	NA
sgSELT_1	sgHSFX2_3	NA	NA	NA	NA
sgSEMG2_1	sgHSP90AA1_1	NA	NA	NA	NA
sgSEPT10_1	sgHSP90AA1_4	NA	NA	NA	NA
sgSEPT7_1	sgHSP90AB1_3	NA	NA	NA	NA
sgSERBP1_2	sgHSP90B1_1	NA	NA	NA	NA
sgSERF1A_1	sgHSP90B1_2	NA	NA	NA	NA
sgSERF1A_2	sgHSPA1A_2	NA	NA	NA	NA
sgSERF1A_3	sgHSPA5_1	NA	NA	NA	NA
sgSERF1A_4	sgHSPA5_4	NA	NA	NA	NA
sgSERHL2_1	sgHSPA6_3	NA	NA	NA	NA
sgSERHL2_4	sgHSPA8_2	NA	NA	NA	NA
sgSERPINA3_4	sgHSPA9_1	NA	NA	NA	NA
sgSETSIP_2	sgHSPA9_3	NA	NA	NA	NA
sgSET_2	sgHSPA9_4	NA	NA	NA	NA
sgSET_3	sgHSPD1_2	NA	NA	NA	NA
sgSFR1_3	sgHSPG2_1	NA	NA	NA	NA
sgSFTPA2_2	sgHTN1_3	NA	NA	NA	NA
sgSHOX_1	sgHTN3_2	NA	NA	NA	NA
sgSHOX_2	sgHTR3E_4	NA	NA	NA	NA
sgSHOX_3	sgHYDIN_1	NA	NA	NA	NA
sgSHOX_4	sgHYDIN_2	NA	NA	NA	NA
sgSIGLEC14_3	sgHYPK_4	NA	NA	NA	NA
sgSIGLEC14_4	sgIAPP_1	NA	NA	NA	NA
sgSIRPA_3	sgIBSP_1	NA	NA	NA	NA
sgSKA2_1	sgICE2_1	NA	NA	NA	NA
sgSKA2_2	sgICE2_3	NA	NA	NA	NA
sgSKA3_1	sgID2_1	NA	NA	NA	NA
sgSKA3_2	sgID2_4	NA	NA	NA	NA
sgSKA3_3	sgIDH1_2	NA	NA	NA	NA
sgSKA3_4	sgIDH1_3	NA	NA	NA	NA
sgSKP1_3	sgIER3IP1_3	NA	NA	NA	NA
sgSLC25A33_1	sgIER5_2	NA	NA	NA	NA
sgSLC25A33_3	sgIFFO1_1	NA	NA	NA	NA
sgSLC25A51_1	sgIFIT1_2	NA	NA	NA	NA
sgSLC25A51_4	sgIFIT1_3	NA	NA	NA	NA
sgSLC25A52_1	sgIFIT2_2	NA	NA	NA	NA
sgSLC25A6_1	sgIFIT3_2	NA	NA	NA	NA
sgSLC25A6_2	sgIFITM1_4	NA	NA	NA	NA
sgSLC25A6_3	sgIFITM2_1	NA	NA	NA	NA
sgSLC25A6_4	sgIFITM2_2	NA	NA	NA	NA
sgSLC35E2B_3	sgIFITM2_4	NA	NA	NA	NA
sgSLC35G5_1	sgIFNA13_2	NA	NA	NA	NA
sgSLC35G6_2	sgIFNA14_1	NA	NA	NA	NA
sgSLIT2_1	sgIFNA14_2	NA	NA	NA	NA
sgSLMO2_1	sgIFNA14_3	NA	NA	NA	NA
sgSLX1A_1	sgIFNA14_4	NA	NA	NA	NA
sgSLX1A_2	sgIFNA16_1	NA	NA	NA	NA
sgSLX1A_3	sgIFNA16_2	NA	NA	NA	NA
sgSLX1A_4	sgIFNA16_3	NA	NA	NA	NA
sgSLX1B_1	sgIFNA16_4	NA	NA	NA	NA
sgSLX1B_2	sgIFNA17_2	NA	NA	NA	NA
sgSLX1B_3	sgIFNA17_3	NA	NA	NA	NA
sgSLX1B_4	sgIFNA1_4	NA	NA	NA	NA
sgSMN1_1	sgIFNA21_2	NA	NA	NA	NA
sgSMN1_2	sgIFNA21_4	NA	NA	NA	NA
sgSMN1_3	sgIFNA2_1	NA	NA	NA	NA
sgSMN1_4	sgIFNA2_2	NA	NA	NA	NA
sgSMN2_1	sgIFNA4_4	NA	NA	NA	NA
sgSMN2_2	sgIFNA5_1	NA	NA	NA	NA
sgSMN2_4	sgIFNA5_4	NA	NA	NA	NA
sgSMR3B_1	sgIFNA6_4	NA	NA	NA	NA
sgSMS_2	sgIFNA7_2	NA	NA	NA	NA
sgSMS_3	sgIFNA7_3	NA	NA	NA	NA
sgSNRPA1_1	sgIFNA7_4	NA	NA	NA	NA
sgSNRPD1_2	sgIFNAR1_1	NA	NA	NA	NA
sgSNRPD1_4	sgIFNL2_2	NA	NA	NA	NA
sgSNRPE_4	sgIFNL2_4	NA	NA	NA	NA
sgSNRPG_1	sgIFNL3_3	NA	NA	NA	NA
sgSNRPG_2	sgIFNL3_4	NA	NA	NA	NA
sgSNRPG_3	sgIFNW1_3	NA	NA	NA	NA
sgSOCS5_2	sgIFT20_2	NA	NA	NA	NA
sgSPACA5B_1	sgIFT80_3	NA	NA	NA	NA
sgSPACA5B_2	sgIGBP1_2	NA	NA	NA	NA
sgSPACA5B_3	sgIGBP1_3	NA	NA	NA	NA
sgSPACA5B_4	sgIGF2BP2_2	NA	NA	NA	NA
sgSPACA5_1	sgIGF2BP3_1	NA	NA	NA	NA
sgSPACA5_2	sgIGFBP3_1	NA	NA	NA	NA
sgSPACA5_3	sgIGFN1_2	NA	NA	NA	NA
sgSPACA5_4	sgIGLL1_3	NA	NA	NA	NA
sgSPAG11A_1	sgIGLL5_3	NA	NA	NA	NA
sgSPAG11A_2	sgIGLON5_3	NA	NA	NA	NA
sgSPAG11A_3	sgIGLON5_4	NA	NA	NA	NA
sgSPAG11A_4	sgIGSF3_1	NA	NA	NA	NA
sgSPAG11B_1	sgIGSF3_2	NA	NA	NA	NA
sgSPAG11B_2	sgIGSF3_3	NA	NA	NA	NA
sgSPAG11B_3	sgIGSF3_4	NA	NA	NA	NA
sgSPAG11B_4	sgIKZF1_1	NA	NA	NA	NA
sgSPANXA1_1	sgIK_1	NA	NA	NA	NA
sgSPANXA1_2	sgIK_2	NA	NA	NA	NA
sgSPANXA1_3	sgIK_3	NA	NA	NA	NA
sgSPANXA1_4	sgIL17RE_1	NA	NA	NA	NA
sgSPANXA2_1	sgIL1F10_2	NA	NA	NA	NA
sgSPANXA2_2	sgIL26_3	NA	NA	NA	NA
sgSPANXA2_3	sgIL2_2	NA	NA	NA	NA
sgSPANXA2_4	sgIL36A_1	NA	NA	NA	NA
sgSPANXB1_4	sgIL37_1	NA	NA	NA	NA
sgSPANXC_1	sgIL4R_1	NA	NA	NA	NA
sgSPANXC_2	sgIL4_1	NA	NA	NA	NA
sgSPANXC_3	sgIL6ST_2	NA	NA	NA	NA
sgSPANXC_4	sgIL7R_1	NA	NA	NA	NA
sgSPANXD_1	sgILF2_3	NA	NA	NA	NA
sgSPANXD_2	sgILKAP_4	NA	NA	NA	NA
sgSPANXD_3	sgILK_4	NA	NA	NA	NA
sgSPANXD_4	sgIMMP1L_4	NA	NA	NA	NA
sgSPANXN1_2	sgIMMT_1	NA	NA	NA	NA
sgSPANXN2_3	sgIMP3_2	NA	NA	NA	NA
sgSPATA31A1_2	sgIMPA1_1	NA	NA	NA	NA
sgSPATA31A3_3	sgIMPACT_1	NA	NA	NA	NA
sgSPATA31A3_4	sgIMPDH1_2	NA	NA	NA	NA
sgSPATA31A6_2	sgIMPDH1_3	NA	NA	NA	NA
sgSPATA31A6_3	sgINAFM1_3	NA	NA	NA	NA
sgSPATA31A6_4	sgINCENP_2	NA	NA	NA	NA
sgSPATA31A7_3	sgING1_1	NA	NA	NA	NA
sgSPATA31C1_4	sgINIP_2	NA	NA	NA	NA
sgSPATA31D3_1	sgINSIG2_4	NA	NA	NA	NA
sgSPATA31D3_2	sgINSL3_2	NA	NA	NA	NA
sgSPATA31D3_3	sgINSL3_3	NA	NA	NA	NA
sgSPATA31D3_4	sgINTS3_4	NA	NA	NA	NA
sgSPATA31D4_1	sgINTS4_1	NA	NA	NA	NA
sgSPATA31D4_2	sgIP6K2_3	NA	NA	NA	NA
sgSPATA31D4_3	sgIPCEF1_3	NA	NA	NA	NA
sgSPATA31D4_4	sgIPMK_1	NA	NA	NA	NA
sgSPCS2_1	sgIPMK_2	NA	NA	NA	NA
sgSPCS2_3	sgIPMK_3	NA	NA	NA	NA
sgSPCS2_4	sgIPO7_4	NA	NA	NA	NA
sgSPDYE1_4	sgIPPK_1	NA	NA	NA	NA
sgSPDYE2B_1	sgIPP_2	NA	NA	NA	NA
sgSPDYE2B_2	sgIQCB1_2	NA	NA	NA	NA
sgSPDYE2B_3	sgIQCB1_3	NA	NA	NA	NA
sgSPDYE2B_4	sgIQCF2_2	NA	NA	NA	NA
sgSPDYE2_1	sgIQCF3_1	NA	NA	NA	NA
sgSPDYE2_2	sgIRF2BP1_4	NA	NA	NA	NA
sgSPDYE2_3	sgIRF7_3	NA	NA	NA	NA
sgSPDYE2_4	sgIRX5_3	NA	NA	NA	NA
sgSPDYE3_2	sgISCA2_1	NA	NA	NA	NA
sgSPDYE3_3	sgISCA2_3	NA	NA	NA	NA
sgSPDYE3_4	sgISG15_4	NA	NA	NA	NA
sgSPDYE5_2	sgISL1_2	NA	NA	NA	NA
sgSPDYE5_4	sgISL2_2	NA	NA	NA	NA
sgSPDYE6_1	sgISL2_3	NA	NA	NA	NA
sgSPDYE6_2	sgISLR_3	NA	NA	NA	NA
sgSPDYE6_3	sgIST1_1	NA	NA	NA	NA
sgSPDYE6_4	sgIST1_2	NA	NA	NA	NA
sgSPIN2A_2	sgIST1_4	NA	NA	NA	NA
sgSPIN2A_3	sgITGA1_2	NA	NA	NA	NA
sgSPIN2B_2	sgITGA7_3	NA	NA	NA	NA
sgSPIN2B_3	sgITGAE_1	NA	NA	NA	NA
sgSPIN2B_4	sgITGAV_2	NA	NA	NA	NA
sgSPRR1A_2	sgITGB6_4	NA	NA	NA	NA
sgSPRR1A_4	sgITGB8_2	NA	NA	NA	NA
sgSPRR1B_1	sgITIH6_1	NA	NA	NA	NA
sgSPRR2A_1	sgITLN1_2	NA	NA	NA	NA
sgSPRR2A_2	sgITLN2_2	NA	NA	NA	NA
sgSPRR2A_3	sgITLN2_3	NA	NA	NA	NA
sgSPRR2A_4	sgITLN2_4	NA	NA	NA	NA
sgSPRR2B_1	sgITSN1_2	NA	NA	NA	NA
sgSPRR2B_2	sgITSN1_4	NA	NA	NA	NA
sgSPRR2B_3	sgIZUMO1R_4	NA	NA	NA	NA
sgSPRR2B_4	sgJKAMP_2	NA	NA	NA	NA
sgSPRR2E_1	sgKANSL1L_4	NA	NA	NA	NA
sgSPRR2E_2	sgKARS_1	NA	NA	NA	NA
sgSPRR2E_3	sgKARS_2	NA	NA	NA	NA
sgSPRY3_1	sgKARS_4	NA	NA	NA	NA
sgSPRY3_2	sgKATNA1_3	NA	NA	NA	NA
sgSPRY3_3	sgKATNBL1_2	NA	NA	NA	NA
sgSPRY3_4	sgKATNBL1_3	NA	NA	NA	NA
sgSPZ1_3	sgKBTBD13_1	NA	NA	NA	NA
sgSREK1IP1_4	sgKBTBD3_1	NA	NA	NA	NA
sgSRGAP2B_1	sgKBTBD6_1	NA	NA	NA	NA
sgSRGAP2B_3	sgKBTBD6_3	NA	NA	NA	NA
sgSRGAP2B_4	sgKBTBD7_1	NA	NA	NA	NA
sgSRGAP2C_2	sgKBTBD7_2	NA	NA	NA	NA
sgSRGAP2C_3	sgKBTBD7_3	NA	NA	NA	NA
sgSRGAP2C_4	sgKCNA1_3	NA	NA	NA	NA
sgSRP72_4	sgKCNA3_2	NA	NA	NA	NA
sgSRP9_1	sgKCNA5_1	NA	NA	NA	NA
sgSRP9_2	sgKCNA7_4	NA	NA	NA	NA
sgSRP9_4	sgKCND3_3	NA	NA	NA	NA
sgSSB_1	sgKCNE1_2	NA	NA	NA	NA
sgSSB_2	sgKCNE2_1	NA	NA	NA	NA
sgSSX1_4	sgKCNH6_3	NA	NA	NA	NA
sgSSX2B_1	sgKCNJ12_1	NA	NA	NA	NA
sgSSX2B_2	sgKCNJ12_3	NA	NA	NA	NA
sgSSX2B_3	sgKCNJ12_4	NA	NA	NA	NA
sgSSX2B_4	sgKCNJ18_1	NA	NA	NA	NA
sgSSX2_1	sgKCNJ18_2	NA	NA	NA	NA
sgSSX2_2	sgKCNJ18_3	NA	NA	NA	NA
sgSSX2_3	sgKCNJ18_4	NA	NA	NA	NA
sgSSX2_4	sgKCNK3_4	NA	NA	NA	NA
sgSSX3_2	sgKCNMB3_3	NA	NA	NA	NA
sgSSX4B_1	sgKCNN3_3	NA	NA	NA	NA
sgSSX4B_2	sgKCTD1_4	NA	NA	NA	NA
sgSSX4B_3	sgKCTD7_3	NA	NA	NA	NA
sgSSX4B_4	sgKCTD9_3	NA	NA	NA	NA
sgSSX4_1	sgKCTD9_4	NA	NA	NA	NA
sgSSX4_2	sgKDELC2_3	NA	NA	NA	NA
sgSSX4_3	sgKDELR2_4	NA	NA	NA	NA
sgSSX4_4	sgKDM3B_3	NA	NA	NA	NA
sgSSX5_2	sgKDM4D_3	NA	NA	NA	NA
sgSSX5_4	sgKDM4D_4	NA	NA	NA	NA
sgSSX7_2	sgKDM4E_4	NA	NA	NA	NA
sgST6GALNAC4_1	sgKDM5B_4	NA	NA	NA	NA
sgSTARD9_4	sgKDM5D_1	NA	NA	NA	NA
sgSTEAP1B_2	sgKDM6A_1	NA	NA	NA	NA
sgSTEAP1_2	sgKHDC1L_2	NA	NA	NA	NA
sgSTEAP1_3	sgKHDC1L_4	NA	NA	NA	NA
sgSTRAP_4	sgKHDC1_4	NA	NA	NA	NA
sgSTRC_1	sgKIAA0196_1	NA	NA	NA	NA
sgSTRC_2	sgKIAA0391_1	NA	NA	NA	NA
sgSTRC_3	sgKIAA0556_3	NA	NA	NA	NA
sgSTRC_4	sgKIAA0586_3	NA	NA	NA	NA
sgSUB1_4	sgKIAA0895L_2	NA	NA	NA	NA
sgSUGT1_1	sgKIAA0895_1	NA	NA	NA	NA
sgSULT1A3_1	sgKIAA1033_4	NA	NA	NA	NA
sgSULT1A3_2	sgKIAA1191_2	NA	NA	NA	NA
sgSULT1A3_3	sgKIAA1191_4	NA	NA	NA	NA
sgSULT1A3_4	sgKIAA1328_4	NA	NA	NA	NA
sgSULT1A4_1	sgKIAA1456_1	NA	NA	NA	NA
sgSULT1A4_2	sgKIAA1715_1	NA	NA	NA	NA
sgSULT1A4_3	sgKIAA2013_1	NA	NA	NA	NA
sgSULT1A4_4	sgKIAA2013_2	NA	NA	NA	NA
sgSUMO1_1	sgKIAA2013_3	NA	NA	NA	NA
sgSUMO1_2	sgKIAA2013_4	NA	NA	NA	NA
sgSUMO1_4	sgKIF14_1	NA	NA	NA	NA
sgSUMO2_1	sgKIF17_4	NA	NA	NA	NA
sgSUMO2_3	sgKIF18B_2	NA	NA	NA	NA
sgSYT15_3	sgKIF2B_3	NA	NA	NA	NA
sgSYT15_4	sgKIF2C_4	NA	NA	NA	NA
sgTBC1D26_3	sgKIF4A_2	NA	NA	NA	NA
sgTBC1D26_4	sgKIF4B_2	NA	NA	NA	NA
sgTBC1D28_1	sgKIF4B_4	NA	NA	NA	NA
sgTBC1D28_2	sgKIR2DL1_2	NA	NA	NA	NA
sgTBC1D3B_1	sgKIR2DL1_3	NA	NA	NA	NA
sgTBC1D3B_2	sgKIR2DL1_4	NA	NA	NA	NA
sgTBC1D3B_3	sgKIR2DL3_1	NA	NA	NA	NA
sgTBC1D3B_4	sgKIR2DL3_3	NA	NA	NA	NA
sgTBC1D3F_1	sgKIR2DS4_2	NA	NA	NA	NA
sgTBC1D3F_2	sgKIR2DS4_3	NA	NA	NA	NA
sgTBC1D3F_3	sgKIR2DS4_4	NA	NA	NA	NA
sgTBC1D3H_1	sgKIR3DL1_4	NA	NA	NA	NA
sgTBC1D3H_2	sgKIR3DL2_1	NA	NA	NA	NA
sgTBC1D3H_3	sgKIR3DL3_2	NA	NA	NA	NA
sgTBC1D3H_4	sgKIR3DL3_3	NA	NA	NA	NA
sgTBC1D3K_1	sgKLC3_3	NA	NA	NA	NA
sgTBC1D3K_2	sgKLF17_1	NA	NA	NA	NA
sgTBC1D3K_3	sgKLF17_3	NA	NA	NA	NA
sgTBC1D3K_4	sgKLF3_1	NA	NA	NA	NA
sgTBC1D3_1	sgKLF3_2	NA	NA	NA	NA
sgTBC1D3_2	sgKLF7_1	NA	NA	NA	NA
sgTBC1D3_4	sgKLF7_3	NA	NA	NA	NA
sgTBCA_1	sgKLF9_2	NA	NA	NA	NA
sgTBCA_2	sgKLHDC1_1	NA	NA	NA	NA
sgTCAF1_1	sgKLHL12_1	NA	NA	NA	NA
sgTCAF1_3	sgKLHL32_4	NA	NA	NA	NA
sgTCAF2_1	sgKLHL3_4	NA	NA	NA	NA
sgTCAF2_2	sgKLHL5_1	NA	NA	NA	NA
sgTCAF2_3	sgKLK10_4	NA	NA	NA	NA
sgTCAF2_4	sgKLK1_3	NA	NA	NA	NA
sgTCEA1_4	sgKLK2_1	NA	NA	NA	NA
sgTCEAL3_3	sgKLK2_4	NA	NA	NA	NA
sgTCEB1_1	sgKLK3_2	NA	NA	NA	NA
sgTCEB1_2	sgKLRC3_3	NA	NA	NA	NA
sgTCEB1_4	sgKLRC4_3	NA	NA	NA	NA
sgTCP11X2_1	sgKLRC4_4	NA	NA	NA	NA
sgTCP11X2_2	sgKLRD1_2	NA	NA	NA	NA
sgTCP11X2_3	sgKNG1_3	NA	NA	NA	NA
sgTCP11X2_4	sgKNG1_4	NA	NA	NA	NA
sgTDG_3	sgKNOP1_1	NA	NA	NA	NA
sgTEX28_1	sgKNOP1_2	NA	NA	NA	NA
sgTEX28_2	sgKNOP1_3	NA	NA	NA	NA
sgTEX28_3	sgKNOP1_4	NA	NA	NA	NA
sgTEX28_4	sgKPNA1_4	NA	NA	NA	NA
sgTGIF2LX_1	sgKPNA4_3	NA	NA	NA	NA
sgTGIF2LX_3	sgKPRP_3	NA	NA	NA	NA
sgTGIF2LY_2	sgKRAS_4	NA	NA	NA	NA
sgTGIF2LY_3	sgKRIT1_3	NA	NA	NA	NA
sgTGIF2LY_4	sgKRR1_4	NA	NA	NA	NA
sgTHAP5_3	sgKRT10_2	NA	NA	NA	NA
sgTHEM4_3	sgKRT13_3	NA	NA	NA	NA
sgTHOC3_1	sgKRT14_4	NA	NA	NA	NA
sgTHOC3_2	sgKRT15_4	NA	NA	NA	NA
sgTHOC3_3	sgKRT16_1	NA	NA	NA	NA
sgTHOC3_4	sgKRT16_2	NA	NA	NA	NA
sgTIGD1_4	sgKRT17_1	NA	NA	NA	NA
sgTIMM23_1	sgKRT17_2	NA	NA	NA	NA
sgTIMM9_4	sgKRT17_3	NA	NA	NA	NA
sgTLK2_2	sgKRT17_4	NA	NA	NA	NA
sgTLK2_3	sgKRT19_3	NA	NA	NA	NA
sgTMA7_1	sgKRT1_4	NA	NA	NA	NA
sgTMEM14B_3	sgKRT23_2	NA	NA	NA	NA
sgTMEM167A_1	sgKRT25_2	NA	NA	NA	NA
sgTMEM167A_2	sgKRT25_4	NA	NA	NA	NA
sgTMEM191C_1	sgKRT31_2	NA	NA	NA	NA
sgTMEM191C_4	sgKRT31_3	NA	NA	NA	NA
sgTMEM230_1	sgKRT33A_3	NA	NA	NA	NA
sgTMEM230_2	sgKRT33A_4	NA	NA	NA	NA
sgTMEM50B_1	sgKRT33B_1	NA	NA	NA	NA
sgTMEM50B_2	sgKRT33B_3	NA	NA	NA	NA
sgTMSB15A_1	sgKRT34_4	NA	NA	NA	NA
sgTMSB15A_4	sgKRT36_2	NA	NA	NA	NA
sgTMSB4X_1	sgKRT38_1	NA	NA	NA	NA
sgTMSB4X_3	sgKRT38_4	NA	NA	NA	NA
sgTMSB4X_4	sgKRT5_2	NA	NA	NA	NA
sgTOMM20_4	sgKRT6A_2	NA	NA	NA	NA
sgTP53TG3B_1	sgKRT6A_3	NA	NA	NA	NA
sgTP53TG3B_2	sgKRT6A_4	NA	NA	NA	NA
sgTP53TG3B_3	sgKRT6B_1	NA	NA	NA	NA
sgTP53TG3B_4	sgKRT6B_2	NA	NA	NA	NA
sgTP53TG3D_1	sgKRT6B_4	NA	NA	NA	NA
sgTP53TG3D_2	sgKRT6C_2	NA	NA	NA	NA
sgTP53TG3D_3	sgKRT6C_4	NA	NA	NA	NA
sgTP53TG3D_4	sgKRT72_1	NA	NA	NA	NA
sgTP53TG3_1	sgKRT72_2	NA	NA	NA	NA
sgTP53TG3_2	sgKRT73_4	NA	NA	NA	NA
sgTP53TG3_3	sgKRT75_1	NA	NA	NA	NA
sgTP53TG3_4	sgKRT75_2	NA	NA	NA	NA
sgTPRX1_1	sgKRT76_1	NA	NA	NA	NA
sgTPSAB1_2	sgKRT7_4	NA	NA	NA	NA
sgTPT1_3	sgKRT83_2	NA	NA	NA	NA
sgTPTE2_2	sgKRT83_3	NA	NA	NA	NA
sgTPTE_1	sgKRT85_2	NA	NA	NA	NA
sgTPTE_2	sgKRT86_2	NA	NA	NA	NA
sgTPTE_3	sgKRT86_3	NA	NA	NA	NA
sgTPTE_4	sgKRT8_2	NA	NA	NA	NA
sgTRAPPC2_1	sgKRT8_3	NA	NA	NA	NA
sgTRAPPC2_2	sgKRT8_4	NA	NA	NA	NA
sgTRAPPC2_3	sgKRTAP1-1_1	NA	NA	NA	NA
sgTREML4_2	sgKRTAP1-1_3	NA	NA	NA	NA
sgTRIM43B_2	sgKRTAP1-1_4	NA	NA	NA	NA
sgTRIM43B_4	sgKRTAP1-3_1	NA	NA	NA	NA
sgTRIM43_4	sgKRTAP1-3_2	NA	NA	NA	NA
sgTRIM48_1	sgKRTAP1-4_3	NA	NA	NA	NA
sgTRIM48_2	sgKRTAP1-4_4	NA	NA	NA	NA
sgTRIM48_3	sgKRTAP1-5_3	NA	NA	NA	NA
sgTRIM49B_1	sgKRTAP10-10_3	NA	NA	NA	NA
sgTRIM49B_2	sgKRTAP10-10_4	NA	NA	NA	NA
sgTRIM49C_1	sgKRTAP10-11_1	NA	NA	NA	NA
sgTRIM49C_2	sgKRTAP10-11_2	NA	NA	NA	NA
sgTRIM49C_3	sgKRTAP10-11_3	NA	NA	NA	NA
sgTRIM49C_4	sgKRTAP10-12_3	NA	NA	NA	NA
sgTRIM49D1_1	sgKRTAP10-1_1	NA	NA	NA	NA
sgTRIM49D1_2	sgKRTAP10-1_4	NA	NA	NA	NA
sgTRIM49D1_3	sgKRTAP10-2_1	NA	NA	NA	NA
sgTRIM49D1_4	sgKRTAP10-2_4	NA	NA	NA	NA
sgTRIM49D2_1	sgKRTAP10-3_1	NA	NA	NA	NA
sgTRIM49D2_2	sgKRTAP10-3_2	NA	NA	NA	NA
sgTRIM49D2_3	sgKRTAP10-4_1	NA	NA	NA	NA
sgTRIM49D2_4	sgKRTAP10-4_2	NA	NA	NA	NA
sgTRIM49_1	sgKRTAP10-5_1	NA	NA	NA	NA
sgTRIM49_2	sgKRTAP10-5_3	NA	NA	NA	NA
sgTRIM49_3	sgKRTAP10-6_2	NA	NA	NA	NA
sgTRIM49_4	sgKRTAP10-6_4	NA	NA	NA	NA
sgTRIM61_1	sgKRTAP10-7_1	NA	NA	NA	NA
sgTRIM61_3	sgKRTAP10-7_2	NA	NA	NA	NA
sgTRIM61_4	sgKRTAP10-7_3	NA	NA	NA	NA
sgTRIM64B_1	sgKRTAP10-7_4	NA	NA	NA	NA
sgTRIM64B_2	sgKRTAP10-8_1	NA	NA	NA	NA
sgTRIM64B_3	sgKRTAP10-8_2	NA	NA	NA	NA
sgTRIM64B_4	sgKRTAP10-9_1	NA	NA	NA	NA
sgTRIM64C_2	sgKRTAP10-9_2	NA	NA	NA	NA
sgTRIM64_1	sgKRTAP10-9_3	NA	NA	NA	NA
sgTRIM64_2	sgKRTAP10-9_4	NA	NA	NA	NA
sgTRIM64_4	sgKRTAP12-1_3	NA	NA	NA	NA
sgTRIM73_1	sgKRTAP12-2_2	NA	NA	NA	NA
sgTRIM73_2	sgKRTAP12-2_3	NA	NA	NA	NA
sgTRIM73_3	sgKRTAP12-2_4	NA	NA	NA	NA
sgTRIM73_4	sgKRTAP12-3_1	NA	NA	NA	NA
sgTRIM74_1	sgKRTAP12-3_4	NA	NA	NA	NA
sgTRIM74_3	sgKRTAP13-1_1	NA	NA	NA	NA
sgTRIM74_4	sgKRTAP13-1_3	NA	NA	NA	NA
sgTRIM77_3	sgKRTAP13-1_4	NA	NA	NA	NA
sgTSPY10_1	sgKRTAP13-2_1	NA	NA	NA	NA
sgTSPY10_2	sgKRTAP13-2_2	NA	NA	NA	NA
sgTSPY10_3	sgKRTAP13-3_2	NA	NA	NA	NA
sgTSPY10_4	sgKRTAP19-1_2	NA	NA	NA	NA
sgTSPY2_1	sgKRTAP19-1_4	NA	NA	NA	NA
sgTSPY2_2	sgKRTAP19-2_4	NA	NA	NA	NA
sgTSPY2_3	sgKRTAP19-3_2	NA	NA	NA	NA
sgTSPY2_4	sgKRTAP19-3_3	NA	NA	NA	NA
sgTSPY3_1	sgKRTAP19-4_1	NA	NA	NA	NA
sgTSPY3_2	sgKRTAP19-4_2	NA	NA	NA	NA
sgTSPY3_3	sgKRTAP19-4_3	NA	NA	NA	NA
sgTSPY3_4	sgKRTAP19-4_4	NA	NA	NA	NA
sgTSPY4_1	sgKRTAP19-5_1	NA	NA	NA	NA
sgTSPY4_2	sgKRTAP19-5_2	NA	NA	NA	NA
sgTSPY4_3	sgKRTAP19-5_4	NA	NA	NA	NA
sgTSPY4_4	sgKRTAP19-7_2	NA	NA	NA	NA
sgTSPY8_1	sgKRTAP19-7_3	NA	NA	NA	NA
sgTSPY8_2	sgKRTAP20-1_4	NA	NA	NA	NA
sgTSPY8_3	sgKRTAP20-2_3	NA	NA	NA	NA
sgTSPY8_4	sgKRTAP20-3_4	NA	NA	NA	NA
sgTUBA1A_4	sgKRTAP21-1_3	NA	NA	NA	NA
sgTUBA1B_1	sgKRTAP21-2_3	NA	NA	NA	NA
sgTUBA1B_2	sgKRTAP21-3_3	NA	NA	NA	NA
sgTUBA1B_3	sgKRTAP22-1_1	NA	NA	NA	NA
sgTUBA1B_4	sgKRTAP29-1_1	NA	NA	NA	NA
sgTUBA1C_1	sgKRTAP3-2_1	NA	NA	NA	NA
sgTUBA4A_2	sgKRTAP3-2_2	NA	NA	NA	NA
sgTUBB2A_3	sgKRTAP3-2_4	NA	NA	NA	NA
sgTUBB2A_4	sgKRTAP3-3_1	NA	NA	NA	NA
sgTUBB2B_1	sgKRTAP4-11_1	NA	NA	NA	NA
sgTUBB2B_2	sgKRTAP4-11_3	NA	NA	NA	NA
sgTUBB8_1	sgKRTAP4-12_1	NA	NA	NA	NA
sgTUBB8_3	sgKRTAP4-12_2	NA	NA	NA	NA
sgTVP23B_1	sgKRTAP4-12_3	NA	NA	NA	NA
sgTVP23B_4	sgKRTAP4-12_4	NA	NA	NA	NA
sgTVP23C_1	sgKRTAP4-2_2	NA	NA	NA	NA
sgTVP23C_2	sgKRTAP4-2_3	NA	NA	NA	NA
sgTVP23C_4	sgKRTAP4-3_3	NA	NA	NA	NA
sgTWF1_1	sgKRTAP4-3_4	NA	NA	NA	NA
sgTWF1_2	sgKRTAP4-4_4	NA	NA	NA	NA
sgTWF1_4	sgKRTAP4-5_1	NA	NA	NA	NA
sgTXNDC2_1	sgKRTAP4-5_3	NA	NA	NA	NA
sgTXNDC2_2	sgKRTAP4-5_4	NA	NA	NA	NA
sgTXNDC9_4	sgKRTAP4-6_3	NA	NA	NA	NA
sgTXN_4	sgKRTAP4-7_2	NA	NA	NA	NA
sgUBA52_1	sgKRTAP4-7_3	NA	NA	NA	NA
sgUBB_1	sgKRTAP4-9_1	NA	NA	NA	NA
sgUBB_4	sgKRTAP4-9_4	NA	NA	NA	NA
sgUBC_2	sgKRTAP5-11_4	NA	NA	NA	NA
sgUBC_3	sgKRTAP5-2_1	NA	NA	NA	NA
sgUBE2L3_2	sgKRTAP5-2_2	NA	NA	NA	NA
sgUBE2L3_4	sgKRTAP5-3_1	NA	NA	NA	NA
sgUBE2N_1	sgKRTAP5-3_2	NA	NA	NA	NA
sgUBE2S_3	sgKRTAP5-3_3	NA	NA	NA	NA
sgUBE2S_4	sgKRTAP5-6_1	NA	NA	NA	NA
sgUBE2V1_2	sgKRTAP5-6_3	NA	NA	NA	NA
sgUBE2V1_3	sgKRTAP5-6_4	NA	NA	NA	NA
sgUBE2V1_4	sgKRTAP5-8_2	NA	NA	NA	NA
sgUBTFL1_2	sgKRTAP5-9_2	NA	NA	NA	NA
sgUFM1_1	sgKRTAP5-9_3	NA	NA	NA	NA
sgUGT2B10_2	sgKRTAP6-2_4	NA	NA	NA	NA
sgUGT2B10_3	sgKRTAP6-3_2	NA	NA	NA	NA
sgUGT2B11_2	sgKRTAP9-1_2	NA	NA	NA	NA
sgUGT2B11_4	sgKRTAP9-2_1	NA	NA	NA	NA
sgULBP2_1	sgKRTAP9-2_4	NA	NA	NA	NA
sgULBP2_3	sgKRTAP9-3_1	NA	NA	NA	NA
sgUQCRFS1_1	sgKRTAP9-3_2	NA	NA	NA	NA
sgUQCRHL_1	sgKRTAP9-3_3	NA	NA	NA	NA
sgUQCRHL_2	sgKRTAP9-3_4	NA	NA	NA	NA
sgUQCRHL_3	sgKRTAP9-4_3	NA	NA	NA	NA
sgUQCRHL_4	sgKRTAP9-4_4	NA	NA	NA	NA
sgUQCRH_1	sgKRTAP9-9_1	NA	NA	NA	NA
sgUQCRH_3	sgKRTAP9-9_2	NA	NA	NA	NA
sgUQCRH_4	sgKRTAP9-9_3	NA	NA	NA	NA
sgUSMG5_3	sgKRTAP9-9_4	NA	NA	NA	NA
sgUSMG5_4	sgKRTCAP2_4	NA	NA	NA	NA
sgUSP12_1	sgKSR2_3	NA	NA	NA	NA
sgUSP12_4	sgKXD1_1	NA	NA	NA	NA
sgUSP17L11_1	sgKYNU_2	NA	NA	NA	NA
sgUSP17L11_3	sgL1CAM_2	NA	NA	NA	NA
sgUSP17L11_4	sgL1TD1_4	NA	NA	NA	NA
sgUSP17L12_1	sgL2HGDH_4	NA	NA	NA	NA
sgUSP17L12_4	sgL3MBTL1_4	NA	NA	NA	NA
sgUSP17L15_2	sgLACTB_1	NA	NA	NA	NA
sgUSP17L15_3	sgLAD1_3	NA	NA	NA	NA
sgUSP17L15_4	sgLAGE3_1	NA	NA	NA	NA
sgUSP17L17_2	sgLAIR1_1	NA	NA	NA	NA
sgUSP17L17_3	sgLAIR1_2	NA	NA	NA	NA
sgUSP17L18_1	sgLAIR2_4	NA	NA	NA	NA
sgUSP17L18_2	sgLAMB4_2	NA	NA	NA	NA
sgUSP17L18_3	sgLAMP3_2	NA	NA	NA	NA
sgUSP17L18_4	sgLAMTOR2_2	NA	NA	NA	NA
sgUSP17L19_1	sgLAP3_3	NA	NA	NA	NA
sgUSP17L19_2	sgLARP4B_1	NA	NA	NA	NA
sgUSP17L19_4	sgLARP4_4	NA	NA	NA	NA
sgUSP17L1_1	sgLARP7_2	NA	NA	NA	NA
sgUSP17L1_2	sgLAYN_1	NA	NA	NA	NA
sgUSP17L20_1	sgLCE1B_1	NA	NA	NA	NA
sgUSP17L20_2	sgLCE1B_2	NA	NA	NA	NA
sgUSP17L20_3	sgLCE1B_4	NA	NA	NA	NA
sgUSP17L20_4	sgLCE1C_1	NA	NA	NA	NA
sgUSP17L22_1	sgLCE1C_4	NA	NA	NA	NA
sgUSP17L22_2	sgLCE1D_3	NA	NA	NA	NA
sgUSP17L22_3	sgLCE1E_1	NA	NA	NA	NA
sgUSP17L22_4	sgLCE1E_4	NA	NA	NA	NA
sgUSP17L24_1	sgLCE1F_3	NA	NA	NA	NA
sgUSP17L24_2	sgLCE1F_4	NA	NA	NA	NA
sgUSP17L24_3	sgLCE2A_3	NA	NA	NA	NA
sgUSP17L24_4	sgLCE2B_1	NA	NA	NA	NA
sgUSP17L25_1	sgLCE2B_3	NA	NA	NA	NA
sgUSP17L25_2	sgLCE2B_4	NA	NA	NA	NA
sgUSP17L25_3	sgLCE2C_4	NA	NA	NA	NA
sgUSP17L25_4	sgLCE2D_1	NA	NA	NA	NA
sgUSP17L26_1	sgLCE2D_2	NA	NA	NA	NA
sgUSP17L26_2	sgLCE3D_2	NA	NA	NA	NA
sgUSP17L26_3	sgLCE3D_4	NA	NA	NA	NA
sgUSP17L26_4	sgLCE3E_1	NA	NA	NA	NA
sgUSP17L27_1	sgLCE4A_2	NA	NA	NA	NA
sgUSP17L27_2	sgLCE5A_3	NA	NA	NA	NA
sgUSP17L27_3	sgLCE6A_1	NA	NA	NA	NA
sgUSP17L27_4	sgLCMT1_1	NA	NA	NA	NA
sgUSP17L28_1	sgLCN1_2	NA	NA	NA	NA
sgUSP17L28_2	sgLCN1_4	NA	NA	NA	NA
sgUSP17L28_3	sgLDHAL6A_2	NA	NA	NA	NA
sgUSP17L28_4	sgLDHAL6B_1	NA	NA	NA	NA
sgUSP17L29_1	sgLDHAL6B_2	NA	NA	NA	NA
sgUSP17L29_2	sgLDHAL6B_3	NA	NA	NA	NA
sgUSP17L29_3	sgLDHA_2	NA	NA	NA	NA
sgUSP17L29_4	sgLDHA_3	NA	NA	NA	NA
sgUSP17L2_1	sgLDHB_3	NA	NA	NA	NA
sgUSP17L2_2	sgLDHB_4	NA	NA	NA	NA
sgUSP17L2_3	sgLECT2_1	NA	NA	NA	NA
sgUSP17L2_4	sgLEFTY1_1	NA	NA	NA	NA
sgUSP17L30_1	sgLEFTY1_2	NA	NA	NA	NA
sgUSP17L30_2	sgLEFTY1_3	NA	NA	NA	NA
sgUSP17L30_3	sgLEFTY2_1	NA	NA	NA	NA
sgUSP17L30_4	sgLEMD1_2	NA	NA	NA	NA
sgUSP17L3_1	sgLEMD1_4	NA	NA	NA	NA
sgUSP17L3_2	sgLGALS16_1	NA	NA	NA	NA
sgUSP17L3_4	sgLGALS7B_1	NA	NA	NA	NA
sgUSP17L4_1	sgLGALS7_2	NA	NA	NA	NA
sgUSP17L4_2	sgLGALS8_2	NA	NA	NA	NA
sgUSP17L4_3	sgLGALS9B_3	NA	NA	NA	NA
sgUSP17L4_4	sgLGALS9C_2	NA	NA	NA	NA
sgUSP17L5_1	sgLGALS9_2	NA	NA	NA	NA
sgUSP17L5_2	sgLGALS9_3	NA	NA	NA	NA
sgUSP17L5_3	sgLGI4_2	NA	NA	NA	NA
sgUSP17L5_4	sgLHB_1	NA	NA	NA	NA
sgUSP17L7_1	sgLHB_2	NA	NA	NA	NA
sgUSP17L7_2	sgLHB_3	NA	NA	NA	NA
sgUSP17L7_3	sgLHB_4	NA	NA	NA	NA
sgVAMP7_1	sgLILRA1_1	NA	NA	NA	NA
sgVAMP7_2	sgLILRA1_3	NA	NA	NA	NA
sgVAMP7_3	sgLILRA2_1	NA	NA	NA	NA
sgVAMP7_4	sgLILRA2_2	NA	NA	NA	NA
sgVAPA_1	sgLILRA4_3	NA	NA	NA	NA
sgVCX2_1	sgLILRB1_1	NA	NA	NA	NA
sgVCX2_2	sgLILRB3_1	NA	NA	NA	NA
sgVCX2_3	sgLILRB3_3	NA	NA	NA	NA
sgVCX3A_1	sgLIMCH1_2	NA	NA	NA	NA
sgVCX3A_2	sgLIMS1_1	NA	NA	NA	NA
sgVCX3A_3	sgLIMS1_2	NA	NA	NA	NA
sgVCX3A_4	sgLIN7B_4	NA	NA	NA	NA
sgVCX3B_1	sgLIPH_2	NA	NA	NA	NA
sgVCX3B_3	sgLIPJ_2	NA	NA	NA	NA
sgVCX3B_4	sgLIPJ_4	NA	NA	NA	NA
sgVCX_1	sgLIPK_2	NA	NA	NA	NA
sgVCX_3	sgLITAF_1	NA	NA	NA	NA
sgVCY1B_1	sgLNX1_2	NA	NA	NA	NA
sgVCY1B_2	sgLOXL2_1	NA	NA	NA	NA
sgVCY1B_3	sgLPGAT1_2	NA	NA	NA	NA
sgVCY1B_4	sgLPPR4_4	NA	NA	NA	NA
sgVCY_1	sgLRCH4_3	NA	NA	NA	NA
sgVCY_2	sgLRFN5_3	NA	NA	NA	NA
sgVCY_3	sgLRIG3_3	NA	NA	NA	NA
sgVCY_4	sgLRIT1_3	NA	NA	NA	NA
sgVDAC1_1	sgLRMP_1	NA	NA	NA	NA
sgVDAC2_2	sgLRR1_1	NA	NA	NA	NA
sgVDAC2_4	sgLRRC15_1	NA	NA	NA	NA
sgVN1R4_1	sgLRRC2_4	NA	NA	NA	NA
sgVN1R4_3	sgLRRC31_3	NA	NA	NA	NA
sgVN1R4_4	sgLRRC32_1	NA	NA	NA	NA
sgVOPP1_1	sgLRRC37A2_1	NA	NA	NA	NA
sgVOPP1_4	sgLRRC37A2_2	NA	NA	NA	NA
sgVPS51_3	sgLRRC37A3_3	NA	NA	NA	NA
sgWASH1_1	sgLRRC37A_2	NA	NA	NA	NA
sgWASH1_2	sgLRRC37B_4	NA	NA	NA	NA
sgWASH1_3	sgLRRC39_2	NA	NA	NA	NA
sgWASH1_4	sgLRRC58_4	NA	NA	NA	NA
sgWFDC10A_2	sgLRRC6_2	NA	NA	NA	NA
sgWTH3DI_4	sgLRRC8B_2	NA	NA	NA	NA
sgXAGE1B_1	sgLRRC8B_4	NA	NA	NA	NA
sgXAGE1B_2	sgLRRFIP1_2	NA	NA	NA	NA
sgXAGE1B_3	sgLRTM1_4	NA	NA	NA	NA
sgXAGE1B_4	sgLSM10_2	NA	NA	NA	NA
sgXAGE1E_1	sgLSM14A_1	NA	NA	NA	NA
sgXAGE1E_2	sgLSM14A_2	NA	NA	NA	NA
sgXAGE1E_3	sgLSM14A_4	NA	NA	NA	NA
sgXAGE1E_4	sgLSM2_3	NA	NA	NA	NA
sgXAGE3_1	sgLSM3_3	NA	NA	NA	NA
sgXAGE5_3	sgLSM5_4	NA	NA	NA	NA
sgXCL2_3	sgLSM6_3	NA	NA	NA	NA
sgYBX1_2	sgLSM6_4	NA	NA	NA	NA
sgYWHAZ_1	sgLSR_4	NA	NA	NA	NA
sgYWHAZ_3	sgLTN1_3	NA	NA	NA	NA
sgYWHAZ_4	sgLYL1_2	NA	NA	NA	NA
sgZBED1_1	sgLYN_4	NA	NA	NA	NA
sgZBED1_2	sgLYPD5_4	NA	NA	NA	NA
sgZBED1_3	sgLYPLA2_2	NA	NA	NA	NA
sgZBED1_4	sgLYRM2_2	NA	NA	NA	NA
sgZCCHC10_1	sgLYRM5_1	NA	NA	NA	NA
sgZFAND5_1	sgLYRM5_4	NA	NA	NA	NA
sgZNF154_4	sgLYRM9_2	NA	NA	NA	NA
sgZNF208_2	sgLYSMD3_2	NA	NA	NA	NA
sgZNF273_3	sgLYZL1_2	NA	NA	NA	NA
sgZNF286A_2	sgLYZL1_4	NA	NA	NA	NA
sgZNF286A_4	sgLYZL2_1	NA	NA	NA	NA
sgZNF322_1	sgLYZL2_4	NA	NA	NA	NA
sgZNF322_2	sgM6PR_4	NA	NA	NA	NA
sgZNF322_3	sgMAD2L1_1	NA	NA	NA	NA
sgZNF322_4	sgMAD2L1_2	NA	NA	NA	NA
sgZNF417_1	sgMAD2L1_3	NA	NA	NA	NA
sgZNF417_3	sgMAD2L1_4	NA	NA	NA	NA
sgZNF417_4	sgMAFA_1	NA	NA	NA	NA
sgZNF431_2	sgMAFG_1	NA	NA	NA	NA
sgZNF479_1	sgMAFK_2	NA	NA	NA	NA
sgZNF479_2	sgMAGEA10_3	NA	NA	NA	NA
sgZNF479_3	sgMAGEA12_1	NA	NA	NA	NA
sgZNF492_1	sgMAGEA3_1	NA	NA	NA	NA
sgZNF492_4	sgMAGEA6_1	NA	NA	NA	NA
sgZNF519_1	sgMAGEA6_3	NA	NA	NA	NA
sgZNF586_1	sgMAGEB3_4	NA	NA	NA	NA
sgZNF587B_3	sgMAGEB4_2	NA	NA	NA	NA
sgZNF587_2	sgMAGEB6_3	NA	NA	NA	NA
sgZNF587_3	sgMAGEC1_1	NA	NA	NA	NA
sgZNF587_4	sgMAGEC1_3	NA	NA	NA	NA
sgZNF594_4	sgMAGEC3_4	NA	NA	NA	NA
sgZNF613_1	sgMAGEL2_2	NA	NA	NA	NA
sgZNF658_4	sgMAGI2_1	NA	NA	NA	NA
sgZNF676_3	sgMAGOH_1	NA	NA	NA	NA
sgZNF69_1	sgMAGOH_4	NA	NA	NA	NA
sgZNF69_2	sgMAMDC2_3	NA	NA	NA	NA
sgZNF705A_2	sgMAN2A1_2	NA	NA	NA	NA
sgZNF705A_4	sgMANBAL_1	NA	NA	NA	NA
sgZNF705B_2	sgMANBAL_2	NA	NA	NA	NA
sgZNF705B_3	sgMANBAL_4	NA	NA	NA	NA
sgZNF705B_4	sgMANEA_1	NA	NA	NA	NA
sgZNF705D_1	sgMAOA_4	NA	NA	NA	NA
sgZNF705D_2	sgMAP2K1_2	NA	NA	NA	NA
sgZNF705D_3	sgMAP2K2_3	NA	NA	NA	NA
sgZNF705D_4	sgMAP2K3_4	NA	NA	NA	NA
sgZNF706_2	sgMAP2K4_3	NA	NA	NA	NA
sgZNF706_3	sgMAP3K8_1	NA	NA	NA	NA
sgZNF706_4	sgMAP4K3_2	NA	NA	NA	NA
sgZNF708_2	sgMAPK15_1	NA	NA	NA	NA
sgZNF727_1	sgMAPK1IP1L_1	NA	NA	NA	NA
sgZNF729_2	sgMAPK6_1	NA	NA	NA	NA
sgZNF736_2	sgMAPK8IP1_4	NA	NA	NA	NA
sgZNF737_1	sgMAPK8_4	NA	NA	NA	NA
sgZNF761_4	sgMAPRE1_1	NA	NA	NA	NA
sgZNF799_1	sgMAPRE1_2	NA	NA	NA	NA
sgZNF813_4	sgMARC2_1	NA	NA	NA	NA
sgZNF85_4	sgMARCH1_2	NA	NA	NA	NA
sgZNF91_1	sgMARCH7_4	NA	NA	NA	NA
sgZNF91_4	sgMARCKSL1_4	NA	NA	NA	NA
sgZNF93_4	sgMARK2_1	NA	NA	NA	NA
sgZNF98_1	sgMARS_3	NA	NA	NA	NA
sgZNF98_2	sgMAS1L_1	NA	NA	NA	NA
sgZNF99_1	sgMAST1_4	NA	NA	NA	NA
sgZNF99_3	sgMAT2A_4	NA	NA	NA	NA
sgZNF99_4	sgMAT2B_4	NA	NA	NA	NA
NA	sgMATR3_1	NA	NA	NA	NA
NA	sgMB21D1_1	NA	NA	NA	NA
NA	sgMBD3L1_2	NA	NA	NA	NA
NA	sgMBD3L5_3	NA	NA	NA	NA
NA	sgMBIP_4	NA	NA	NA	NA
NA	sgMBLAC2_4	NA	NA	NA	NA
NA	sgMBOAT2_4	NA	NA	NA	NA
NA	sgMBTPS1_4	NA	NA	NA	NA
NA	sgMBTPS2_3	NA	NA	NA	NA
NA	sgMC5R_3	NA	NA	NA	NA
NA	sgMCCD1_4	NA	NA	NA	NA
NA	sgMCF2L2_1	NA	NA	NA	NA
NA	sgMCM4_3	NA	NA	NA	NA
NA	sgMCM5_2	NA	NA	NA	NA
NA	sgMCOLN2_1	NA	NA	NA	NA
NA	sgMCUR1_4	NA	NA	NA	NA
NA	sgMDH1B_3	NA	NA	NA	NA
NA	sgME2_2	NA	NA	NA	NA
NA	sgME2_3	NA	NA	NA	NA
NA	sgMED27_4	NA	NA	NA	NA
NA	sgMED28_3	NA	NA	NA	NA
NA	sgMEDAG_4	NA	NA	NA	NA
NA	sgMEF2BNB_2	NA	NA	NA	NA
NA	sgMEI4_1	NA	NA	NA	NA
NA	sgMEIS3_2	NA	NA	NA	NA
NA	sgMEIS3_4	NA	NA	NA	NA
NA	sgMEMO1_2	NA	NA	NA	NA
NA	sgMEOX1_4	NA	NA	NA	NA
NA	sgMEP1A_3	NA	NA	NA	NA
NA	sgMEST_4	NA	NA	NA	NA
NA	sgMETAP2_3	NA	NA	NA	NA
NA	sgMETTL15_1	NA	NA	NA	NA
NA	sgMETTL15_2	NA	NA	NA	NA
NA	sgMETTL15_3	NA	NA	NA	NA
NA	sgMETTL15_4	NA	NA	NA	NA
NA	sgMETTL1_2	NA	NA	NA	NA
NA	sgMETTL2A_3	NA	NA	NA	NA
NA	sgMETTL2A_4	NA	NA	NA	NA
NA	sgMETTL5_3	NA	NA	NA	NA
NA	sgMETTL7B_3	NA	NA	NA	NA
NA	sgMEX3D_4	NA	NA	NA	NA
NA	sgMFHAS1_3	NA	NA	NA	NA
NA	sgMFN1_2	NA	NA	NA	NA
NA	sgMFN1_3	NA	NA	NA	NA
NA	sgMFN2_2	NA	NA	NA	NA
NA	sgMFSD1_2	NA	NA	NA	NA
NA	sgMFSD8_3	NA	NA	NA	NA
NA	sgMGC50722_4	NA	NA	NA	NA
NA	sgMGMT_3	NA	NA	NA	NA
NA	sgMGST2_2	NA	NA	NA	NA
NA	sgMICALL2_4	NA	NA	NA	NA
NA	sgMICA_2	NA	NA	NA	NA
NA	sgMICB_1	NA	NA	NA	NA
NA	sgMICB_3	NA	NA	NA	NA
NA	sgMINOS1_2	NA	NA	NA	NA
NA	sgMINOS1_3	NA	NA	NA	NA
NA	sgMKRN1_1	NA	NA	NA	NA
NA	sgMKRN1_2	NA	NA	NA	NA
NA	sgMKRN2OS_2	NA	NA	NA	NA
NA	sgMKRN3_2	NA	NA	NA	NA
NA	sgMLANA_1	NA	NA	NA	NA
NA	sgMLH1_3	NA	NA	NA	NA
NA	sgMLLT10_4	NA	NA	NA	NA
NA	sgMLX_3	NA	NA	NA	NA
NA	sgMMADHC_2	NA	NA	NA	NA
NA	sgMMP10_3	NA	NA	NA	NA
NA	sgMMP27_2	NA	NA	NA	NA
NA	sgMMP2_2	NA	NA	NA	NA
NA	sgMMP7_2	NA	NA	NA	NA
NA	sgMOB2_2	NA	NA	NA	NA
NA	sgMOB3C_2	NA	NA	NA	NA
NA	sgMOB4_1	NA	NA	NA	NA
NA	sgMOB4_4	NA	NA	NA	NA
NA	sgMOCOS_3	NA	NA	NA	NA
NA	sgMOCOS_4	NA	NA	NA	NA
NA	sgMOCS1_4	NA	NA	NA	NA
NA	sgMORF4L1_3	NA	NA	NA	NA
NA	sgMORF4L1_4	NA	NA	NA	NA
NA	sgMORF4L2_1	NA	NA	NA	NA
NA	sgMPEG1_1	NA	NA	NA	NA
NA	sgMPG_4	NA	NA	NA	NA
NA	sgMPHOSPH10_1	NA	NA	NA	NA
NA	sgMPHOSPH8_1	NA	NA	NA	NA
NA	sgMPHOSPH8_3	NA	NA	NA	NA
NA	sgMPHOSPH8_4	NA	NA	NA	NA
NA	sgMPP5_1	NA	NA	NA	NA
NA	sgMPPE1_1	NA	NA	NA	NA
NA	sgMPRIP_2	NA	NA	NA	NA
NA	sgMPRIP_4	NA	NA	NA	NA
NA	sgMPV17L_2	NA	NA	NA	NA
NA	sgMPV17L_3	NA	NA	NA	NA
NA	sgMPZL1_1	NA	NA	NA	NA
NA	sgMPZL1_2	NA	NA	NA	NA
NA	sgMPZL1_3	NA	NA	NA	NA
NA	sgMR1_1	NA	NA	NA	NA
NA	sgMR1_2	NA	NA	NA	NA
NA	sgMRFAP1L1_3	NA	NA	NA	NA
NA	sgMRFAP1_4	NA	NA	NA	NA
NA	sgMRGPRX2_1	NA	NA	NA	NA
NA	sgMRGPRX2_4	NA	NA	NA	NA
NA	sgMRGPRX3_2	NA	NA	NA	NA
NA	sgMRGPRX3_4	NA	NA	NA	NA
NA	sgMRGPRX4_1	NA	NA	NA	NA
NA	sgMRGPRX4_3	NA	NA	NA	NA
NA	sgMRGPRX4_4	NA	NA	NA	NA
NA	sgMRLN_1	NA	NA	NA	NA
NA	sgMRLN_2	NA	NA	NA	NA
NA	sgMROH2A_2	NA	NA	NA	NA
NA	sgMROH7_3	NA	NA	NA	NA
NA	sgMRO_4	NA	NA	NA	NA
NA	sgMRPL10_4	NA	NA	NA	NA
NA	sgMRPL11_4	NA	NA	NA	NA
NA	sgMRPL14_2	NA	NA	NA	NA
NA	sgMRPL15_3	NA	NA	NA	NA
NA	sgMRPL15_4	NA	NA	NA	NA
NA	sgMRPL19_3	NA	NA	NA	NA
NA	sgMRPL2_4	NA	NA	NA	NA
NA	sgMRPL30_1	NA	NA	NA	NA
NA	sgMRPL30_3	NA	NA	NA	NA
NA	sgMRPL32_2	NA	NA	NA	NA
NA	sgMRPL35_2	NA	NA	NA	NA
NA	sgMRPL36_4	NA	NA	NA	NA
NA	sgMRPL39_2	NA	NA	NA	NA
NA	sgMRPL3_2	NA	NA	NA	NA
NA	sgMRPL3_3	NA	NA	NA	NA
NA	sgMRPL42_2	NA	NA	NA	NA
NA	sgMRPL45_2	NA	NA	NA	NA
NA	sgMRPL45_3	NA	NA	NA	NA
NA	sgMRPL50_1	NA	NA	NA	NA
NA	sgMRPL51_1	NA	NA	NA	NA
NA	sgMRPL51_4	NA	NA	NA	NA
NA	sgMRPL53_2	NA	NA	NA	NA
NA	sgMRPL57_1	NA	NA	NA	NA
NA	sgMRPS10_4	NA	NA	NA	NA
NA	sgMRPS15_3	NA	NA	NA	NA
NA	sgMRPS16_2	NA	NA	NA	NA
NA	sgMRPS16_3	NA	NA	NA	NA
NA	sgMRPS16_4	NA	NA	NA	NA
NA	sgMRPS17_1	NA	NA	NA	NA
NA	sgMRPS17_3	NA	NA	NA	NA
NA	sgMRPS17_4	NA	NA	NA	NA
NA	sgMRPS18C_2	NA	NA	NA	NA
NA	sgMRPS18C_3	NA	NA	NA	NA
NA	sgMRPS18C_4	NA	NA	NA	NA
NA	sgMRPS21_1	NA	NA	NA	NA
NA	sgMRPS21_2	NA	NA	NA	NA
NA	sgMRPS24_4	NA	NA	NA	NA
NA	sgMRPS31_2	NA	NA	NA	NA
NA	sgMRPS31_4	NA	NA	NA	NA
NA	sgMRPS33_2	NA	NA	NA	NA
NA	sgMRPS36_2	NA	NA	NA	NA
NA	sgMRPS36_4	NA	NA	NA	NA
NA	sgMRPS6_4	NA	NA	NA	NA
NA	sgMRPS7_2	NA	NA	NA	NA
NA	sgMRPS9_3	NA	NA	NA	NA
NA	sgMRPS9_4	NA	NA	NA	NA
NA	sgMRRF_1	NA	NA	NA	NA
NA	sgMRRF_4	NA	NA	NA	NA
NA	sgMRTO4_2	NA	NA	NA	NA
NA	sgMRTO4_4	NA	NA	NA	NA
NA	sgMS4A4A_2	NA	NA	NA	NA
NA	sgMS4A6A_1	NA	NA	NA	NA
NA	sgMS4A6E_1	NA	NA	NA	NA
NA	sgMS4A6E_2	NA	NA	NA	NA
NA	sgMS4A7_3	NA	NA	NA	NA
NA	sgMSANTD2_1	NA	NA	NA	NA
NA	sgMSANTD3_3	NA	NA	NA	NA
NA	sgMSGN1_2	NA	NA	NA	NA
NA	sgMSL3_1	NA	NA	NA	NA
NA	sgMSL3_4	NA	NA	NA	NA
NA	sgMSMO1_4	NA	NA	NA	NA
NA	sgMSN_3	NA	NA	NA	NA
NA	sgMSN_4	NA	NA	NA	NA
NA	sgMSRB1_4	NA	NA	NA	NA
NA	sgMST1_1	NA	NA	NA	NA
NA	sgMST1_2	NA	NA	NA	NA
NA	sgMST1_3	NA	NA	NA	NA
NA	sgMST1_4	NA	NA	NA	NA
NA	sgMSTO1_1	NA	NA	NA	NA
NA	sgMSTO1_4	NA	NA	NA	NA
NA	sgMSX2_3	NA	NA	NA	NA
NA	sgMT1A_1	NA	NA	NA	NA
NA	sgMT1A_3	NA	NA	NA	NA
NA	sgMT1B_1	NA	NA	NA	NA
NA	sgMT1B_2	NA	NA	NA	NA
NA	sgMT1B_4	NA	NA	NA	NA
NA	sgMT1E_1	NA	NA	NA	NA
NA	sgMT1E_2	NA	NA	NA	NA
NA	sgMT1E_3	NA	NA	NA	NA
NA	sgMT1G_2	NA	NA	NA	NA
NA	sgMT1G_3	NA	NA	NA	NA
NA	sgMT1H_1	NA	NA	NA	NA
NA	sgMT1H_3	NA	NA	NA	NA
NA	sgMT1M_4	NA	NA	NA	NA
NA	sgMT2A_1	NA	NA	NA	NA
NA	sgMT2A_2	NA	NA	NA	NA
NA	sgMT2A_3	NA	NA	NA	NA
NA	sgMTAP_3	NA	NA	NA	NA
NA	sgMTCH1_3	NA	NA	NA	NA
NA	sgMTCH2_3	NA	NA	NA	NA
NA	sgMTERF2_2	NA	NA	NA	NA
NA	sgMTHFD2_1	NA	NA	NA	NA
NA	sgMTHFD2_4	NA	NA	NA	NA
NA	sgMTPAP_2	NA	NA	NA	NA
NA	sgMTRF1L_2	NA	NA	NA	NA
NA	sgMTRF1L_4	NA	NA	NA	NA
NA	sgMTRR_4	NA	NA	NA	NA
NA	sgMTSS1_3	NA	NA	NA	NA
NA	sgMTX1_2	NA	NA	NA	NA
NA	sgMTX1_4	NA	NA	NA	NA
NA	sgMTX2_4	NA	NA	NA	NA
NA	sgMTX3_1	NA	NA	NA	NA
NA	sgMUC17_3	NA	NA	NA	NA
NA	sgMUC21_4	NA	NA	NA	NA
NA	sgMUC22_2	NA	NA	NA	NA
NA	sgMUC22_3	NA	NA	NA	NA
NA	sgMUC3A_1	NA	NA	NA	NA
NA	sgMUC4_2	NA	NA	NA	NA
NA	sgMUC5AC_4	NA	NA	NA	NA
NA	sgMUC5B_1	NA	NA	NA	NA
NA	sgMUC6_1	NA	NA	NA	NA
NA	sgMUSTN1_4	NA	NA	NA	NA
NA	sgMXD1_3	NA	NA	NA	NA
NA	sgMXD3_1	NA	NA	NA	NA
NA	sgMXRA5_1	NA	NA	NA	NA
NA	sgMXRA5_3	NA	NA	NA	NA
NA	sgMYCBP_4	NA	NA	NA	NA
NA	sgMYCL_1	NA	NA	NA	NA
NA	sgMYCL_3	NA	NA	NA	NA
NA	sgMYEF2_2	NA	NA	NA	NA
NA	sgMYEOV2_1	NA	NA	NA	NA
NA	sgMYF6_2	NA	NA	NA	NA
NA	sgMYH15_2	NA	NA	NA	NA
NA	sgMYH1_2	NA	NA	NA	NA
NA	sgMYH2_3	NA	NA	NA	NA
NA	sgMYH2_4	NA	NA	NA	NA
NA	sgMYH4_4	NA	NA	NA	NA
NA	sgMYH6_4	NA	NA	NA	NA
NA	sgMYH7_1	NA	NA	NA	NA
NA	sgMYH8_3	NA	NA	NA	NA
NA	sgMYL10_4	NA	NA	NA	NA
NA	sgMYL12A_2	NA	NA	NA	NA
NA	sgMYL12A_4	NA	NA	NA	NA
NA	sgMYL12B_2	NA	NA	NA	NA
NA	sgMYL12B_4	NA	NA	NA	NA
NA	sgMYL3_1	NA	NA	NA	NA
NA	sgMYL6B_2	NA	NA	NA	NA
NA	sgMYL6_1	NA	NA	NA	NA
NA	sgMYL6_2	NA	NA	NA	NA
NA	sgMYL9_1	NA	NA	NA	NA
NA	sgMYO3A_4	NA	NA	NA	NA
NA	sgMYO9B_1	NA	NA	NA	NA
NA	sgMYOCD_4	NA	NA	NA	NA
NA	sgMYOZ2_2	NA	NA	NA	NA
NA	sgMYOZ3_1	NA	NA	NA	NA
NA	sgMYSM1_1	NA	NA	NA	NA
NA	sgMZT2A_2	NA	NA	NA	NA
NA	sgMZT2A_3	NA	NA	NA	NA
NA	sgMZT2B_3	NA	NA	NA	NA
NA	sgMZT2B_4	NA	NA	NA	NA
NA	sgN4BP3_2	NA	NA	NA	NA
NA	sgNAA40_3	NA	NA	NA	NA
NA	sgNAA40_4	NA	NA	NA	NA
NA	sgNACA_1	NA	NA	NA	NA
NA	sgNAIP_4	NA	NA	NA	NA
NA	sgNAMPT_1	NA	NA	NA	NA
NA	sgNANOGNB_1	NA	NA	NA	NA
NA	sgNANOGNB_2	NA	NA	NA	NA
NA	sgNANP_2	NA	NA	NA	NA
NA	sgNAP1L1_2	NA	NA	NA	NA
NA	sgNAP1L1_4	NA	NA	NA	NA
NA	sgNAP1L4_3	NA	NA	NA	NA
NA	sgNAPSA_4	NA	NA	NA	NA
NA	sgNARS_1	NA	NA	NA	NA
NA	sgNASP_1	NA	NA	NA	NA
NA	sgNASP_3	NA	NA	NA	NA
NA	sgNASP_4	NA	NA	NA	NA
NA	sgNAT16_4	NA	NA	NA	NA
NA	sgNAT8_1	NA	NA	NA	NA
NA	sgNAT8_3	NA	NA	NA	NA
NA	sgNBPF11_1	NA	NA	NA	NA
NA	sgNBPF11_3	NA	NA	NA	NA
NA	sgNBPF12_1	NA	NA	NA	NA
NA	sgNBPF12_2	NA	NA	NA	NA
NA	sgNBPF12_4	NA	NA	NA	NA
NA	sgNBPF14_2	NA	NA	NA	NA
NA	sgNBPF14_4	NA	NA	NA	NA
NA	sgNBPF20_2	NA	NA	NA	NA
NA	sgNBPF3_2	NA	NA	NA	NA
NA	sgNBPF3_3	NA	NA	NA	NA
NA	sgNBPF6_1	NA	NA	NA	NA
NA	sgNBPF8_2	NA	NA	NA	NA
NA	sgNBPF9_1	NA	NA	NA	NA
NA	sgNBPF9_3	NA	NA	NA	NA
NA	sgNCAPD2_2	NA	NA	NA	NA
NA	sgNCAPG_1	NA	NA	NA	NA
NA	sgNCAPG_3	NA	NA	NA	NA
NA	sgNCF1_4	NA	NA	NA	NA
NA	sgNCKAP1_4	NA	NA	NA	NA
NA	sgNCOA4_2	NA	NA	NA	NA
NA	sgNCOA4_3	NA	NA	NA	NA
NA	sgNDEL1_4	NA	NA	NA	NA
NA	sgNDNF_3	NA	NA	NA	NA
NA	sgNDUFA10_3	NA	NA	NA	NA
NA	sgNDUFA11_3	NA	NA	NA	NA
NA	sgNDUFA5_1	NA	NA	NA	NA
NA	sgNDUFA6_4	NA	NA	NA	NA
NA	sgNDUFA9_1	NA	NA	NA	NA
NA	sgNDUFA9_3	NA	NA	NA	NA
NA	sgNDUFAF1_4	NA	NA	NA	NA
NA	sgNDUFAF2_1	NA	NA	NA	NA
NA	sgNDUFAF3_1	NA	NA	NA	NA
NA	sgNDUFAF4_3	NA	NA	NA	NA
NA	sgNDUFAF4_4	NA	NA	NA	NA
NA	sgNDUFB11_3	NA	NA	NA	NA
NA	sgNDUFB1_1	NA	NA	NA	NA
NA	sgNDUFB1_4	NA	NA	NA	NA
NA	sgNDUFB3_1	NA	NA	NA	NA
NA	sgNDUFB3_3	NA	NA	NA	NA
NA	sgNDUFB3_4	NA	NA	NA	NA
NA	sgNDUFB4_2	NA	NA	NA	NA
NA	sgNDUFB4_4	NA	NA	NA	NA
NA	sgNDUFB5_1	NA	NA	NA	NA
NA	sgNDUFB7_1	NA	NA	NA	NA
NA	sgNDUFB8_1	NA	NA	NA	NA
NA	sgNDUFB8_3	NA	NA	NA	NA
NA	sgNDUFB9_1	NA	NA	NA	NA
NA	sgNDUFS4_1	NA	NA	NA	NA
NA	sgNDUFS4_4	NA	NA	NA	NA
NA	sgNDUFS5_3	NA	NA	NA	NA
NA	sgNDUFV2_2	NA	NA	NA	NA
NA	sgNDUFV2_3	NA	NA	NA	NA
NA	sgNEDD8_2	NA	NA	NA	NA
NA	sgNEDD8_4	NA	NA	NA	NA
NA	sgNEFH_4	NA	NA	NA	NA
NA	sgNEFM_1	NA	NA	NA	NA
NA	sgNEIL2_3	NA	NA	NA	NA
NA	sgNEIL2_4	NA	NA	NA	NA
NA	sgNEK2_1	NA	NA	NA	NA
NA	sgNEK2_2	NA	NA	NA	NA
NA	sgNEK9_3	NA	NA	NA	NA
NA	sgNETO2_4	NA	NA	NA	NA
NA	sgNEU3_4	NA	NA	NA	NA
NA	sgNF1_2	NA	NA	NA	NA
NA	sgNF1_3	NA	NA	NA	NA
NA	sgNFE2L3_2	NA	NA	NA	NA
NA	sgNFE2L3_3	NA	NA	NA	NA
NA	sgNFIC_2	NA	NA	NA	NA
NA	sgNFIX_3	NA	NA	NA	NA
NA	sgNFKB2_2	NA	NA	NA	NA
NA	sgNFYC_2	NA	NA	NA	NA
NA	sgNGEF_2	NA	NA	NA	NA
NA	sgNGFRAP1_4	NA	NA	NA	NA
NA	sgNGFR_1	NA	NA	NA	NA
NA	sgNGRN_3	NA	NA	NA	NA
NA	sgNHP2_2	NA	NA	NA	NA
NA	sgNHP2_3	NA	NA	NA	NA
NA	sgNHP2_4	NA	NA	NA	NA
NA	sgNIFK_2	NA	NA	NA	NA
NA	sgNINJ1_2	NA	NA	NA	NA
NA	sgNINJ2_3	NA	NA	NA	NA
NA	sgNIPA1_2	NA	NA	NA	NA
NA	sgNIPA2_1	NA	NA	NA	NA
NA	sgNIPAL1_1	NA	NA	NA	NA
NA	sgNIPAL1_2	NA	NA	NA	NA
NA	sgNIPSNAP1_1	NA	NA	NA	NA
NA	sgNIPSNAP1_3	NA	NA	NA	NA
NA	sgNIPSNAP3A_4	NA	NA	NA	NA
NA	sgNIPSNAP3B_2	NA	NA	NA	NA
NA	sgNKAPL_3	NA	NA	NA	NA
NA	sgNKX1-2_2	NA	NA	NA	NA
NA	sgNKX2-1_1	NA	NA	NA	NA
NA	sgNKX2-3_1	NA	NA	NA	NA
NA	sgNKX2-3_3	NA	NA	NA	NA
NA	sgNKX2-6_1	NA	NA	NA	NA
NA	sgNKX6-3_1	NA	NA	NA	NA
NA	sgNLGN4X_2	NA	NA	NA	NA
NA	sgNLGN4Y_1	NA	NA	NA	NA
NA	sgNLGN4Y_2	NA	NA	NA	NA
NA	sgNLGN4Y_3	NA	NA	NA	NA
NA	sgNLRP12_2	NA	NA	NA	NA
NA	sgNLRP14_3	NA	NA	NA	NA
NA	sgNLRP3_3	NA	NA	NA	NA
NA	sgNLRP6_4	NA	NA	NA	NA
NA	sgNMNAT1_1	NA	NA	NA	NA
NA	sgNMNAT1_2	NA	NA	NA	NA
NA	sgNMNAT1_3	NA	NA	NA	NA
NA	sgNMNAT1_4	NA	NA	NA	NA
NA	sgNMRK2_4	NA	NA	NA	NA
NA	sgNOB1_2	NA	NA	NA	NA
NA	sgNOB1_3	NA	NA	NA	NA
NA	sgNOB1_4	NA	NA	NA	NA
NA	sgNOC2L_1	NA	NA	NA	NA
NA	sgNOC2L_3	NA	NA	NA	NA
NA	sgNOC2L_4	NA	NA	NA	NA
NA	sgNOD1_1	NA	NA	NA	NA
NA	sgNOL11_4	NA	NA	NA	NA
NA	sgNOL8_1	NA	NA	NA	NA
NA	sgNOMO1_2	NA	NA	NA	NA
NA	sgNOMO2_2	NA	NA	NA	NA
NA	sgNOMO3_1	NA	NA	NA	NA
NA	sgNOMO3_2	NA	NA	NA	NA
NA	sgNONO_1	NA	NA	NA	NA
NA	sgNONO_2	NA	NA	NA	NA
NA	sgNONO_3	NA	NA	NA	NA
NA	sgNONO_4	NA	NA	NA	NA
NA	sgNOP10_2	NA	NA	NA	NA
NA	sgNOX4_1	NA	NA	NA	NA
NA	sgNPAS1_4	NA	NA	NA	NA
NA	sgNPEPPS_2	NA	NA	NA	NA
NA	sgNPEPPS_3	NA	NA	NA	NA
NA	sgNPIPA2_2	NA	NA	NA	NA
NA	sgNPIPB6_2	NA	NA	NA	NA
NA	sgNPM3_1	NA	NA	NA	NA
NA	sgNPNT_2	NA	NA	NA	NA
NA	sgNPTX1_4	NA	NA	NA	NA
NA	sgNPTX2_1	NA	NA	NA	NA
NA	sgNPY4R_3	NA	NA	NA	NA
NA	sgNR1D2_1	NA	NA	NA	NA
NA	sgNR2C2_2	NA	NA	NA	NA
NA	sgNR2F2_2	NA	NA	NA	NA
NA	sgNR2F6_1	NA	NA	NA	NA
NA	sgNR3C1_2	NA	NA	NA	NA
NA	sgNR4A2_4	NA	NA	NA	NA
NA	sgNRBF2_4	NA	NA	NA	NA
NA	sgNRBP2_4	NA	NA	NA	NA
NA	sgNRROS_3	NA	NA	NA	NA
NA	sgNSA2_1	NA	NA	NA	NA
NA	sgNSA2_3	NA	NA	NA	NA
NA	sgNSF_2	NA	NA	NA	NA
NA	sgNSF_4	NA	NA	NA	NA
NA	sgNSUN5_3	NA	NA	NA	NA
NA	sgNSUN7_3	NA	NA	NA	NA
NA	sgNT5C3A_1	NA	NA	NA	NA
NA	sgNT5C3A_2	NA	NA	NA	NA
NA	sgNT5C3A_3	NA	NA	NA	NA
NA	sgNT5C_2	NA	NA	NA	NA
NA	sgNT5DC1_2	NA	NA	NA	NA
NA	sgNT5DC1_4	NA	NA	NA	NA
NA	sgNTAN1_1	NA	NA	NA	NA
NA	sgNTAN1_2	NA	NA	NA	NA
NA	sgNTAN1_3	NA	NA	NA	NA
NA	sgNTF4_2	NA	NA	NA	NA
NA	sgNTRK2_4	NA	NA	NA	NA
NA	sgNUDC_1	NA	NA	NA	NA
NA	sgNUDT10_3	NA	NA	NA	NA
NA	sgNUDT11_1	NA	NA	NA	NA
NA	sgNUDT11_2	NA	NA	NA	NA
NA	sgNUDT11_4	NA	NA	NA	NA
NA	sgNUDT15_3	NA	NA	NA	NA
NA	sgNUDT16_3	NA	NA	NA	NA
NA	sgNUDT2_2	NA	NA	NA	NA
NA	sgNUDT9_4	NA	NA	NA	NA
NA	sgNUFIP1_2	NA	NA	NA	NA
NA	sgNUP133_1	NA	NA	NA	NA
NA	sgNUP205_1	NA	NA	NA	NA
NA	sgNUP35_1	NA	NA	NA	NA
NA	sgNUP35_3	NA	NA	NA	NA
NA	sgNUP43_1	NA	NA	NA	NA
NA	sgNUP50_3	NA	NA	NA	NA
NA	sgNUPR1L_2	NA	NA	NA	NA
NA	sgNUPR1L_3	NA	NA	NA	NA
NA	sgNUPR1L_4	NA	NA	NA	NA
NA	sgNUTF2_3	NA	NA	NA	NA
NA	sgNUTM2A_4	NA	NA	NA	NA
NA	sgNUTM2F_1	NA	NA	NA	NA
NA	sgNUTM2F_2	NA	NA	NA	NA
NA	sgNUTM2F_3	NA	NA	NA	NA
NA	sgNUTM2F_4	NA	NA	NA	NA
NA	sgNUTM2G_2	NA	NA	NA	NA
NA	sgNXF1_2	NA	NA	NA	NA
NA	sgNXPE2_3	NA	NA	NA	NA
NA	sgNXPE3_4	NA	NA	NA	NA
NA	sgNXPE4_3	NA	NA	NA	NA
NA	sgNXPH3_1	NA	NA	NA	NA
NA	sgNXT1_1	NA	NA	NA	NA
NA	sgNXT1_3	NA	NA	NA	NA
NA	sgNYNRIN_2	NA	NA	NA	NA
NA	sgNon-Targeting Control_111	NA	NA	NA	NA
NA	sgNon-Targeting Control_38	NA	NA	NA	NA
NA	sgNon-Targeting Control_39	NA	NA	NA	NA
NA	sgNon-Targeting Control_485	NA	NA	NA	NA
NA	sgNon-Targeting Control_493	NA	NA	NA	NA
NA	sgNon-Targeting Control_538	NA	NA	NA	NA
NA	sgNon-Targeting Control_555	NA	NA	NA	NA
NA	sgNon-Targeting Control_559	NA	NA	NA	NA
NA	sgNon-Targeting Control_847	NA	NA	NA	NA
NA	sgNon-Targeting Control_919	NA	NA	NA	NA
NA	sgNon-Targeting Control_921	NA	NA	NA	NA
NA	sgNon-Targeting Control_942	NA	NA	NA	NA
NA	sgNon-Targeting Control_984	NA	NA	NA	NA
NA	sgNon-Targeting Control_997	NA	NA	NA	NA
NA	sgOASL_4	NA	NA	NA	NA
NA	sgOAT_2	NA	NA	NA	NA
NA	sgOAZ1_3	NA	NA	NA	NA
NA	sgOAZ2_4	NA	NA	NA	NA
NA	sgOBP2A_2	NA	NA	NA	NA
NA	sgOBP2B_4	NA	NA	NA	NA
NA	sgOBSCN_3	NA	NA	NA	NA
NA	sgOCIAD2_2	NA	NA	NA	NA
NA	sgOCM2_1	NA	NA	NA	NA
NA	sgOCM2_2	NA	NA	NA	NA
NA	sgOCM2_3	NA	NA	NA	NA
NA	sgOCM2_4	NA	NA	NA	NA
NA	sgOCM_1	NA	NA	NA	NA
NA	sgOCM_2	NA	NA	NA	NA
NA	sgOCM_3	NA	NA	NA	NA
NA	sgODC1_3	NA	NA	NA	NA
NA	sgOFD1_1	NA	NA	NA	NA
NA	sgOFD1_2	NA	NA	NA	NA
NA	sgOGFOD2_1	NA	NA	NA	NA
NA	sgOLA1_1	NA	NA	NA	NA
NA	sgOLAH_1	NA	NA	NA	NA
NA	sgOMP_2	NA	NA	NA	NA
NA	sgOOEP_2	NA	NA	NA	NA
NA	sgOOEP_3	NA	NA	NA	NA
NA	sgOPN1LW_3	NA	NA	NA	NA
NA	sgOPRL1_2	NA	NA	NA	NA
NA	sgOPRM1_3	NA	NA	NA	NA
NA	sgOPTN_1	NA	NA	NA	NA
NA	sgOR10A3_2	NA	NA	NA	NA
NA	sgOR10A5_1	NA	NA	NA	NA
NA	sgOR10A5_3	NA	NA	NA	NA
NA	sgOR10A6_3	NA	NA	NA	NA
NA	sgOR10G2_1	NA	NA	NA	NA
NA	sgOR10G2_3	NA	NA	NA	NA
NA	sgOR10G2_4	NA	NA	NA	NA
NA	sgOR10G4_2	NA	NA	NA	NA
NA	sgOR10G4_4	NA	NA	NA	NA
NA	sgOR10G7_2	NA	NA	NA	NA
NA	sgOR10G7_3	NA	NA	NA	NA
NA	sgOR10G7_4	NA	NA	NA	NA
NA	sgOR10G8_1	NA	NA	NA	NA
NA	sgOR10G8_2	NA	NA	NA	NA
NA	sgOR10G8_4	NA	NA	NA	NA
NA	sgOR10G9_3	NA	NA	NA	NA
NA	sgOR10G9_4	NA	NA	NA	NA
NA	sgOR10H1_1	NA	NA	NA	NA
NA	sgOR10H1_4	NA	NA	NA	NA
NA	sgOR10H2_1	NA	NA	NA	NA
NA	sgOR10H3_1	NA	NA	NA	NA
NA	sgOR10H3_2	NA	NA	NA	NA
NA	sgOR10H5_1	NA	NA	NA	NA
NA	sgOR10H5_2	NA	NA	NA	NA
NA	sgOR10H5_4	NA	NA	NA	NA
NA	sgOR10J5_4	NA	NA	NA	NA
NA	sgOR10K1_3	NA	NA	NA	NA
NA	sgOR10K2_2	NA	NA	NA	NA
NA	sgOR10Q1_1	NA	NA	NA	NA
NA	sgOR10Q1_2	NA	NA	NA	NA
NA	sgOR10Q1_4	NA	NA	NA	NA
NA	sgOR11A1_2	NA	NA	NA	NA
NA	sgOR11H12_2	NA	NA	NA	NA
NA	sgOR11H12_3	NA	NA	NA	NA
NA	sgOR11L1_2	NA	NA	NA	NA
NA	sgOR11L1_3	NA	NA	NA	NA
NA	sgOR12D2_1	NA	NA	NA	NA
NA	sgOR12D2_2	NA	NA	NA	NA
NA	sgOR12D2_4	NA	NA	NA	NA
NA	sgOR12D3_3	NA	NA	NA	NA
NA	sgOR13C2_3	NA	NA	NA	NA
NA	sgOR13C2_4	NA	NA	NA	NA
NA	sgOR13C4_2	NA	NA	NA	NA
NA	sgOR13C5_3	NA	NA	NA	NA
NA	sgOR13C5_4	NA	NA	NA	NA
NA	sgOR13C8_2	NA	NA	NA	NA
NA	sgOR13C9_4	NA	NA	NA	NA
NA	sgOR13D1_1	NA	NA	NA	NA
NA	sgOR13D1_3	NA	NA	NA	NA
NA	sgOR13F1_4	NA	NA	NA	NA
NA	sgOR1A2_1	NA	NA	NA	NA
NA	sgOR1C1_1	NA	NA	NA	NA
NA	sgOR1D2_3	NA	NA	NA	NA
NA	sgOR1D5_3	NA	NA	NA	NA
NA	sgOR1E1_1	NA	NA	NA	NA
NA	sgOR1E1_3	NA	NA	NA	NA
NA	sgOR1E1_4	NA	NA	NA	NA
NA	sgOR1E2_3	NA	NA	NA	NA
NA	sgOR1E2_4	NA	NA	NA	NA
NA	sgOR1F1_2	NA	NA	NA	NA
NA	sgOR1J1_4	NA	NA	NA	NA
NA	sgOR1L4_1	NA	NA	NA	NA
NA	sgOR1L8_1	NA	NA	NA	NA
NA	sgOR1L8_3	NA	NA	NA	NA
NA	sgOR1M1_1	NA	NA	NA	NA
NA	sgOR1S1_1	NA	NA	NA	NA
NA	sgOR1S1_4	NA	NA	NA	NA
NA	sgOR1S2_3	NA	NA	NA	NA
NA	sgOR2A14_2	NA	NA	NA	NA
NA	sgOR2A14_4	NA	NA	NA	NA
NA	sgOR2A1_2	NA	NA	NA	NA
NA	sgOR2A1_4	NA	NA	NA	NA
NA	sgOR2A25_2	NA	NA	NA	NA
NA	sgOR2A2_3	NA	NA	NA	NA
NA	sgOR2A2_4	NA	NA	NA	NA
NA	sgOR2A4_3	NA	NA	NA	NA
NA	sgOR2A5_1	NA	NA	NA	NA
NA	sgOR2AE1_2	NA	NA	NA	NA
NA	sgOR2AG2_2	NA	NA	NA	NA
NA	sgOR2AG2_3	NA	NA	NA	NA
NA	sgOR2B6_1	NA	NA	NA	NA
NA	sgOR2D2_3	NA	NA	NA	NA
NA	sgOR2F2_2	NA	NA	NA	NA
NA	sgOR2H2_2	NA	NA	NA	NA
NA	sgOR2J2_1	NA	NA	NA	NA
NA	sgOR2J2_2	NA	NA	NA	NA
NA	sgOR2J2_4	NA	NA	NA	NA
NA	sgOR2J3_1	NA	NA	NA	NA
NA	sgOR2J3_2	NA	NA	NA	NA
NA	sgOR2J3_4	NA	NA	NA	NA
NA	sgOR2K2_3	NA	NA	NA	NA
NA	sgOR2L2_1	NA	NA	NA	NA
NA	sgOR2L2_2	NA	NA	NA	NA
NA	sgOR2L3_1	NA	NA	NA	NA
NA	sgOR2L3_2	NA	NA	NA	NA
NA	sgOR2L3_4	NA	NA	NA	NA
NA	sgOR2L5_3	NA	NA	NA	NA
NA	sgOR2L5_4	NA	NA	NA	NA
NA	sgOR2L8_1	NA	NA	NA	NA
NA	sgOR2L8_3	NA	NA	NA	NA
NA	sgOR2L8_4	NA	NA	NA	NA
NA	sgOR2M2_1	NA	NA	NA	NA
NA	sgOR2M2_2	NA	NA	NA	NA
NA	sgOR2M2_4	NA	NA	NA	NA
NA	sgOR2M3_1	NA	NA	NA	NA
NA	sgOR2M3_4	NA	NA	NA	NA
NA	sgOR2M5_4	NA	NA	NA	NA
NA	sgOR2M7_1	NA	NA	NA	NA
NA	sgOR2M7_2	NA	NA	NA	NA
NA	sgOR2M7_3	NA	NA	NA	NA
NA	sgOR2S2_1	NA	NA	NA	NA
NA	sgOR2T27_2	NA	NA	NA	NA
NA	sgOR2T33_1	NA	NA	NA	NA
NA	sgOR2T33_2	NA	NA	NA	NA
NA	sgOR2T34_1	NA	NA	NA	NA
NA	sgOR2T35_3	NA	NA	NA	NA
NA	sgOR2T3_2	NA	NA	NA	NA
NA	sgOR2T5_2	NA	NA	NA	NA
NA	sgOR2T8_3	NA	NA	NA	NA
NA	sgOR2V1_1	NA	NA	NA	NA
NA	sgOR2V1_3	NA	NA	NA	NA
NA	sgOR2V2_4	NA	NA	NA	NA
NA	sgOR3A1_3	NA	NA	NA	NA
NA	sgOR3A2_3	NA	NA	NA	NA
NA	sgOR3A2_4	NA	NA	NA	NA
NA	sgOR3A3_2	NA	NA	NA	NA
NA	sgOR4A16_2	NA	NA	NA	NA
NA	sgOR4A47_1	NA	NA	NA	NA
NA	sgOR4A47_2	NA	NA	NA	NA
NA	sgOR4A47_3	NA	NA	NA	NA
NA	sgOR4A5_2	NA	NA	NA	NA
NA	sgOR4A5_3	NA	NA	NA	NA
NA	sgOR4C12_2	NA	NA	NA	NA
NA	sgOR4C12_3	NA	NA	NA	NA
NA	sgOR4C12_4	NA	NA	NA	NA
NA	sgOR4C13_2	NA	NA	NA	NA
NA	sgOR4C13_3	NA	NA	NA	NA
NA	sgOR4C13_4	NA	NA	NA	NA
NA	sgOR4C3_1	NA	NA	NA	NA
NA	sgOR4C3_2	NA	NA	NA	NA
NA	sgOR4C3_3	NA	NA	NA	NA
NA	sgOR4C3_4	NA	NA	NA	NA
NA	sgOR4C45_1	NA	NA	NA	NA
NA	sgOR4C46_1	NA	NA	NA	NA
NA	sgOR4C46_4	NA	NA	NA	NA
NA	sgOR4C6_2	NA	NA	NA	NA
NA	sgOR4D10_1	NA	NA	NA	NA
NA	sgOR4D10_2	NA	NA	NA	NA
NA	sgOR4D10_4	NA	NA	NA	NA
NA	sgOR4D1_1	NA	NA	NA	NA
NA	sgOR4E2_4	NA	NA	NA	NA
NA	sgOR4F16_2	NA	NA	NA	NA
NA	sgOR4F6_1	NA	NA	NA	NA
NA	sgOR4K15_1	NA	NA	NA	NA
NA	sgOR4K15_4	NA	NA	NA	NA
NA	sgOR4M1_2	NA	NA	NA	NA
NA	sgOR4M2_2	NA	NA	NA	NA
NA	sgOR4M2_3	NA	NA	NA	NA
NA	sgOR4N2_2	NA	NA	NA	NA
NA	sgOR4N4_2	NA	NA	NA	NA
NA	sgOR4N4_4	NA	NA	NA	NA
NA	sgOR4N5_3	NA	NA	NA	NA
NA	sgOR4N5_4	NA	NA	NA	NA
NA	sgOR4P4_1	NA	NA	NA	NA
NA	sgOR4Q3_1	NA	NA	NA	NA
NA	sgOR4Q3_2	NA	NA	NA	NA
NA	sgOR4X1_1	NA	NA	NA	NA
NA	sgOR51A4_1	NA	NA	NA	NA
NA	sgOR51A4_4	NA	NA	NA	NA
NA	sgOR51A7_3	NA	NA	NA	NA
NA	sgOR51B6_1	NA	NA	NA	NA
NA	sgOR51B6_3	NA	NA	NA	NA
NA	sgOR51E2_4	NA	NA	NA	NA
NA	sgOR51Q1_3	NA	NA	NA	NA
NA	sgOR51V1_2	NA	NA	NA	NA
NA	sgOR52B6_4	NA	NA	NA	NA
NA	sgOR52E6_1	NA	NA	NA	NA
NA	sgOR52E6_2	NA	NA	NA	NA
NA	sgOR52E6_4	NA	NA	NA	NA
NA	sgOR52E8_2	NA	NA	NA	NA
NA	sgOR52E8_4	NA	NA	NA	NA
NA	sgOR52I1_2	NA	NA	NA	NA
NA	sgOR52I2_2	NA	NA	NA	NA
NA	sgOR52I2_3	NA	NA	NA	NA
NA	sgOR52K1_4	NA	NA	NA	NA
NA	sgOR52K2_1	NA	NA	NA	NA
NA	sgOR52K2_3	NA	NA	NA	NA
NA	sgOR52L1_1	NA	NA	NA	NA
NA	sgOR52L1_2	NA	NA	NA	NA
NA	sgOR52L1_4	NA	NA	NA	NA
NA	sgOR52R1_2	NA	NA	NA	NA
NA	sgOR56A1_4	NA	NA	NA	NA
NA	sgOR5AK2_2	NA	NA	NA	NA
NA	sgOR5AK2_4	NA	NA	NA	NA
NA	sgOR5AP2_3	NA	NA	NA	NA
NA	sgOR5B12_1	NA	NA	NA	NA
NA	sgOR5B17_1	NA	NA	NA	NA
NA	sgOR5B2_3	NA	NA	NA	NA
NA	sgOR5B3_4	NA	NA	NA	NA
NA	sgOR5D13_1	NA	NA	NA	NA
NA	sgOR5D18_2	NA	NA	NA	NA
NA	sgOR5D18_4	NA	NA	NA	NA
NA	sgOR5F1_2	NA	NA	NA	NA
NA	sgOR5H14_1	NA	NA	NA	NA
NA	sgOR5H14_2	NA	NA	NA	NA
NA	sgOR5H14_3	NA	NA	NA	NA
NA	sgOR5H15_1	NA	NA	NA	NA
NA	sgOR5H15_3	NA	NA	NA	NA
NA	sgOR5H6_1	NA	NA	NA	NA
NA	sgOR5H6_3	NA	NA	NA	NA
NA	sgOR5K1_1	NA	NA	NA	NA
NA	sgOR5K1_3	NA	NA	NA	NA
NA	sgOR5K1_4	NA	NA	NA	NA
NA	sgOR5K2_3	NA	NA	NA	NA
NA	sgOR5K2_4	NA	NA	NA	NA
NA	sgOR5K3_2	NA	NA	NA	NA
NA	sgOR5K4_2	NA	NA	NA	NA
NA	sgOR5L1_2	NA	NA	NA	NA
NA	sgOR5L1_3	NA	NA	NA	NA
NA	sgOR5L2_1	NA	NA	NA	NA
NA	sgOR5M10_1	NA	NA	NA	NA
NA	sgOR5M10_2	NA	NA	NA	NA
NA	sgOR5M10_3	NA	NA	NA	NA
NA	sgOR5M1_2	NA	NA	NA	NA
NA	sgOR5M1_3	NA	NA	NA	NA
NA	sgOR5M3_1	NA	NA	NA	NA
NA	sgOR5M3_3	NA	NA	NA	NA
NA	sgOR5M8_2	NA	NA	NA	NA
NA	sgOR5M8_4	NA	NA	NA	NA
NA	sgOR5P2_1	NA	NA	NA	NA
NA	sgOR5P2_3	NA	NA	NA	NA
NA	sgOR5P3_2	NA	NA	NA	NA
NA	sgOR5T1_2	NA	NA	NA	NA
NA	sgOR5T2_2	NA	NA	NA	NA
NA	sgOR5T2_4	NA	NA	NA	NA
NA	sgOR5T3_1	NA	NA	NA	NA
NA	sgOR5T3_2	NA	NA	NA	NA
NA	sgOR5V1_3	NA	NA	NA	NA
NA	sgOR5W2_1	NA	NA	NA	NA
NA	sgOR5W2_3	NA	NA	NA	NA
NA	sgOR6B2_2	NA	NA	NA	NA
NA	sgOR6B2_3	NA	NA	NA	NA
NA	sgOR6B2_4	NA	NA	NA	NA
NA	sgOR6B3_2	NA	NA	NA	NA
NA	sgOR6B3_3	NA	NA	NA	NA
NA	sgOR6C3_1	NA	NA	NA	NA
NA	sgOR6C4_3	NA	NA	NA	NA
NA	sgOR6C75_1	NA	NA	NA	NA
NA	sgOR6M1_4	NA	NA	NA	NA
NA	sgOR6S1_2	NA	NA	NA	NA
NA	sgOR7A10_1	NA	NA	NA	NA
NA	sgOR7A10_2	NA	NA	NA	NA
NA	sgOR7A17_3	NA	NA	NA	NA
NA	sgOR7A17_4	NA	NA	NA	NA
NA	sgOR7C2_2	NA	NA	NA	NA
NA	sgOR7D2_4	NA	NA	NA	NA
NA	sgOR7D4_4	NA	NA	NA	NA
NA	sgOR8A1_2	NA	NA	NA	NA
NA	sgOR8B12_1	NA	NA	NA	NA
NA	sgOR8B12_3	NA	NA	NA	NA
NA	sgOR8B2_1	NA	NA	NA	NA
NA	sgOR8B3_1	NA	NA	NA	NA
NA	sgOR8B3_2	NA	NA	NA	NA
NA	sgOR8B3_3	NA	NA	NA	NA
NA	sgOR8B8_4	NA	NA	NA	NA
NA	sgOR8G1_4	NA	NA	NA	NA
NA	sgOR8H1_3	NA	NA	NA	NA
NA	sgOR8H1_4	NA	NA	NA	NA
NA	sgOR8H2_1	NA	NA	NA	NA
NA	sgOR8H2_2	NA	NA	NA	NA
NA	sgOR8H3_2	NA	NA	NA	NA
NA	sgOR8H3_3	NA	NA	NA	NA
NA	sgOR8H3_4	NA	NA	NA	NA
NA	sgOR8J1_1	NA	NA	NA	NA
NA	sgOR8J1_2	NA	NA	NA	NA
NA	sgOR8J1_4	NA	NA	NA	NA
NA	sgOR8J3_2	NA	NA	NA	NA
NA	sgOR8J3_4	NA	NA	NA	NA
NA	sgOR8K3_4	NA	NA	NA	NA
NA	sgOR8K5_2	NA	NA	NA	NA
NA	sgOR8K5_4	NA	NA	NA	NA
NA	sgOR9A4_3	NA	NA	NA	NA
NA	sgOR9G1_1	NA	NA	NA	NA
NA	sgOR9G1_2	NA	NA	NA	NA
NA	sgOR9G1_4	NA	NA	NA	NA
NA	sgOR9G4_1	NA	NA	NA	NA
NA	sgOR9G4_2	NA	NA	NA	NA
NA	sgOR9G4_4	NA	NA	NA	NA
NA	sgORAI1_3	NA	NA	NA	NA
NA	sgOSBPL9_3	NA	NA	NA	NA
NA	sgOSER1_3	NA	NA	NA	NA
NA	sgOST4_1	NA	NA	NA	NA
NA	sgOSTC_1	NA	NA	NA	NA
NA	sgOSTC_4	NA	NA	NA	NA
NA	sgOSTF1_3	NA	NA	NA	NA
NA	sgOTOP1_1	NA	NA	NA	NA
NA	sgOTOP1_3	NA	NA	NA	NA
NA	sgOTOP1_4	NA	NA	NA	NA
NA	sgOTUB1_1	NA	NA	NA	NA
NA	sgOTUD4_4	NA	NA	NA	NA
NA	sgOXA1L_3	NA	NA	NA	NA
NA	sgOXCT2_4	NA	NA	NA	NA
NA	sgP2RX6_3	NA	NA	NA	NA
NA	sgP2RX7_4	NA	NA	NA	NA
NA	sgP2RY10_2	NA	NA	NA	NA
NA	sgP2RY13_1	NA	NA	NA	NA
NA	sgP2RY13_3	NA	NA	NA	NA
NA	sgPA2G4_2	NA	NA	NA	NA
NA	sgPA2G4_4	NA	NA	NA	NA
NA	sgPAAF1_3	NA	NA	NA	NA
NA	sgPABPC1_1	NA	NA	NA	NA
NA	sgPABPC1_3	NA	NA	NA	NA
NA	sgPABPC3_1	NA	NA	NA	NA
NA	sgPABPC3_3	NA	NA	NA	NA
NA	sgPABPN1_3	NA	NA	NA	NA
NA	sgPADI4_3	NA	NA	NA	NA
NA	sgPAFAH1B1_2	NA	NA	NA	NA
NA	sgPAFAH1B2_4	NA	NA	NA	NA
NA	sgPAG1_3	NA	NA	NA	NA
NA	sgPAGE2B_1	NA	NA	NA	NA
NA	sgPAGE2B_2	NA	NA	NA	NA
NA	sgPAGE2_1	NA	NA	NA	NA
NA	sgPAGE2_3	NA	NA	NA	NA
NA	sgPAGE3_2	NA	NA	NA	NA
NA	sgPAGE5_1	NA	NA	NA	NA
NA	sgPAICS_4	NA	NA	NA	NA
NA	sgPAIP1_2	NA	NA	NA	NA
NA	sgPAIP1_4	NA	NA	NA	NA
NA	sgPAK1IP1_3	NA	NA	NA	NA
NA	sgPAK2_1	NA	NA	NA	NA
NA	sgPAK2_3	NA	NA	NA	NA
NA	sgPAK2_4	NA	NA	NA	NA
NA	sgPANX2_2	NA	NA	NA	NA
NA	sgPANX3_1	NA	NA	NA	NA
NA	sgPAPD7_3	NA	NA	NA	NA
NA	sgPAPL_1	NA	NA	NA	NA
NA	sgPAPOLA_1	NA	NA	NA	NA
NA	sgPAPPA2_4	NA	NA	NA	NA
NA	sgPAPSS1_3	NA	NA	NA	NA
NA	sgPARD3_4	NA	NA	NA	NA
NA	sgPARG_1	NA	NA	NA	NA
NA	sgPARG_2	NA	NA	NA	NA
NA	sgPARG_3	NA	NA	NA	NA
NA	sgPARG_4	NA	NA	NA	NA
NA	sgPARL_4	NA	NA	NA	NA
NA	sgPARP1_1	NA	NA	NA	NA
NA	sgPARP1_3	NA	NA	NA	NA
NA	sgPARP1_4	NA	NA	NA	NA
NA	sgPARP4_3	NA	NA	NA	NA
NA	sgPARP8_2	NA	NA	NA	NA
NA	sgPARVB_4	NA	NA	NA	NA
NA	sgPATE1_4	NA	NA	NA	NA
NA	sgPATE3_4	NA	NA	NA	NA
NA	sgPATL2_4	NA	NA	NA	NA
NA	sgPBK_1	NA	NA	NA	NA
NA	sgPBX2_1	NA	NA	NA	NA
NA	sgPBX2_2	NA	NA	NA	NA
NA	sgPBX2_3	NA	NA	NA	NA
NA	sgPBX2_4	NA	NA	NA	NA
NA	sgPCBP2_3	NA	NA	NA	NA
NA	sgPCBP2_4	NA	NA	NA	NA
NA	sgPCDH11X_1	NA	NA	NA	NA
NA	sgPCDH11X_2	NA	NA	NA	NA
NA	sgPCDH11X_4	NA	NA	NA	NA
NA	sgPCDH11Y_1	NA	NA	NA	NA
NA	sgPCDH11Y_2	NA	NA	NA	NA
NA	sgPCDH11Y_3	NA	NA	NA	NA
NA	sgPCDH8_1	NA	NA	NA	NA
NA	sgPCF11_2	NA	NA	NA	NA
NA	sgPCGF6_2	NA	NA	NA	NA
NA	sgPCK1_1	NA	NA	NA	NA
NA	sgPCMT1_4	NA	NA	NA	NA
NA	sgPCMTD1_1	NA	NA	NA	NA
NA	sgPCNP_1	NA	NA	NA	NA
NA	sgPCNP_3	NA	NA	NA	NA
NA	sgPCSK6_4	NA	NA	NA	NA
NA	sgPCSK7_3	NA	NA	NA	NA
NA	sgPDAP1_1	NA	NA	NA	NA
NA	sgPDAP1_2	NA	NA	NA	NA
NA	sgPDAP1_4	NA	NA	NA	NA
NA	sgPDCD10_4	NA	NA	NA	NA
NA	sgPDCD1LG2_3	NA	NA	NA	NA
NA	sgPDCD2_2	NA	NA	NA	NA
NA	sgPDCD2_3	NA	NA	NA	NA
NA	sgPDCD5_4	NA	NA	NA	NA
NA	sgPDCD6IP_1	NA	NA	NA	NA
NA	sgPDCD6_4	NA	NA	NA	NA
NA	sgPDDC1_1	NA	NA	NA	NA
NA	sgPDE4DIP_1	NA	NA	NA	NA
NA	sgPDE4DIP_2	NA	NA	NA	NA
NA	sgPDE4DIP_4	NA	NA	NA	NA
NA	sgPDE7A_2	NA	NA	NA	NA
NA	sgPDHA1_1	NA	NA	NA	NA
NA	sgPDIA3_1	NA	NA	NA	NA
NA	sgPDIA3_3	NA	NA	NA	NA
NA	sgPDSS1_2	NA	NA	NA	NA
NA	sgPDSS1_4	NA	NA	NA	NA
NA	sgPDXDC1_1	NA	NA	NA	NA
NA	sgPDXDC1_2	NA	NA	NA	NA
NA	sgPDZD11_1	NA	NA	NA	NA
NA	sgPDZD11_2	NA	NA	NA	NA
NA	sgPDZD11_4	NA	NA	NA	NA
NA	sgPDZK1_4	NA	NA	NA	NA
NA	sgPEA15_3	NA	NA	NA	NA
NA	sgPEBP1_1	NA	NA	NA	NA
NA	sgPEBP1_2	NA	NA	NA	NA
NA	sgPEBP1_4	NA	NA	NA	NA
NA	sgPERM1_1	NA	NA	NA	NA
NA	sgPERM1_2	NA	NA	NA	NA
NA	sgPEX12_3	NA	NA	NA	NA
NA	sgPEX13_4	NA	NA	NA	NA
NA	sgPEX16_2	NA	NA	NA	NA
NA	sgPEX2_1	NA	NA	NA	NA
NA	sgPEX5_1	NA	NA	NA	NA
NA	sgPF4V1_3	NA	NA	NA	NA
NA	sgPF4V1_4	NA	NA	NA	NA
NA	sgPF4_2	NA	NA	NA	NA
NA	sgPFDN1_2	NA	NA	NA	NA
NA	sgPFDN4_2	NA	NA	NA	NA
NA	sgPFDN4_3	NA	NA	NA	NA
NA	sgPFKP_1	NA	NA	NA	NA
NA	sgPFN1_4	NA	NA	NA	NA
NA	sgPGA3_1	NA	NA	NA	NA
NA	sgPGA5_4	NA	NA	NA	NA
NA	sgPGAM4_2	NA	NA	NA	NA
NA	sgPGD_1	NA	NA	NA	NA
NA	sgPGD_3	NA	NA	NA	NA
NA	sgPGGT1B_2	NA	NA	NA	NA
NA	sgPGGT1B_3	NA	NA	NA	NA
NA	sgPGK1_1	NA	NA	NA	NA
NA	sgPGK1_2	NA	NA	NA	NA
NA	sgPGK2_3	NA	NA	NA	NA
NA	sgPGK2_4	NA	NA	NA	NA
NA	sgPGM5_3	NA	NA	NA	NA
NA	sgPHAX_1	NA	NA	NA	NA
NA	sgPHAX_2	NA	NA	NA	NA
NA	sgPHAX_3	NA	NA	NA	NA
NA	sgPHB_1	NA	NA	NA	NA
NA	sgPHB_4	NA	NA	NA	NA
NA	sgPHC1_4	NA	NA	NA	NA
NA	sgPHF10_2	NA	NA	NA	NA
NA	sgPHF10_3	NA	NA	NA	NA
NA	sgPHF10_4	NA	NA	NA	NA
NA	sgPHF14_4	NA	NA	NA	NA
NA	sgPHF21B_3	NA	NA	NA	NA
NA	sgPHF5A_1	NA	NA	NA	NA
NA	sgPHF5A_4	NA	NA	NA	NA
NA	sgPHKG1_1	NA	NA	NA	NA
NA	sgPHKG1_3	NA	NA	NA	NA
NA	sgPHLPP2_3	NA	NA	NA	NA
NA	sgPHOSPHO1_1	NA	NA	NA	NA
NA	sgPHOSPHO1_3	NA	NA	NA	NA
NA	sgPHOSPHO1_4	NA	NA	NA	NA
NA	sgPHYH_2	NA	NA	NA	NA
NA	sgPI4K2A_4	NA	NA	NA	NA
NA	sgPIAS4_4	NA	NA	NA	NA
NA	sgPIGA_1	NA	NA	NA	NA
NA	sgPIGA_4	NA	NA	NA	NA
NA	sgPIGC_1	NA	NA	NA	NA
NA	sgPIGC_3	NA	NA	NA	NA
NA	sgPIGC_4	NA	NA	NA	NA
NA	sgPIGF_1	NA	NA	NA	NA
NA	sgPIGF_2	NA	NA	NA	NA
NA	sgPIGH_2	NA	NA	NA	NA
NA	sgPIGH_4	NA	NA	NA	NA
NA	sgPIGK_2	NA	NA	NA	NA
NA	sgPIGU_2	NA	NA	NA	NA
NA	sgPIGY_2	NA	NA	NA	NA
NA	sgPIGY_4	NA	NA	NA	NA
NA	sgPIH1D2_2	NA	NA	NA	NA
NA	sgPIK3CA_1	NA	NA	NA	NA
NA	sgPILRB_2	NA	NA	NA	NA
NA	sgPIN1_1	NA	NA	NA	NA
NA	sgPIN4_4	NA	NA	NA	NA
NA	sgPIP5K1A_1	NA	NA	NA	NA
NA	sgPIP5K1A_2	NA	NA	NA	NA
NA	sgPITRM1_4	NA	NA	NA	NA
NA	sgPKD1_2	NA	NA	NA	NA
NA	sgPKD1_3	NA	NA	NA	NA
NA	sgPKD1_4	NA	NA	NA	NA
NA	sgPKDREJ_3	NA	NA	NA	NA
NA	sgPKM_4	NA	NA	NA	NA
NA	sgPLA2G12A_1	NA	NA	NA	NA
NA	sgPLAC8_2	NA	NA	NA	NA
NA	sgPLAC8_4	NA	NA	NA	NA
NA	sgPLAGL2_1	NA	NA	NA	NA
NA	sgPLAGL2_2	NA	NA	NA	NA
NA	sgPLCB4_4	NA	NA	NA	NA
NA	sgPLD5_3	NA	NA	NA	NA
NA	sgPLEKHA3_1	NA	NA	NA	NA
NA	sgPLEKHA3_2	NA	NA	NA	NA
NA	sgPLEKHA3_3	NA	NA	NA	NA
NA	sgPLEKHG6_3	NA	NA	NA	NA
NA	sgPLEKHG7_3	NA	NA	NA	NA
NA	sgPLEKHM1_1	NA	NA	NA	NA
NA	sgPLEKHM1_2	NA	NA	NA	NA
NA	sgPLEKHM1_3	NA	NA	NA	NA
NA	sgPLEKHM1_4	NA	NA	NA	NA
NA	sgPLEKHM2_4	NA	NA	NA	NA
NA	sgPLIN2_4	NA	NA	NA	NA
NA	sgPLIN3_2	NA	NA	NA	NA
NA	sgPLLP_3	NA	NA	NA	NA
NA	sgPLS1_3	NA	NA	NA	NA
NA	sgPLSCR1_1	NA	NA	NA	NA
NA	sgPLSCR2_1	NA	NA	NA	NA
NA	sgPLXDC2_3	NA	NA	NA	NA
NA	sgPM20D2_4	NA	NA	NA	NA
NA	sgPMCH_1	NA	NA	NA	NA
NA	sgPMEPA1_2	NA	NA	NA	NA
NA	sgPMPCA_2	NA	NA	NA	NA
NA	sgPMS2_1	NA	NA	NA	NA
NA	sgPMS2_4	NA	NA	NA	NA
NA	sgPNLIPRP2_1	NA	NA	NA	NA
NA	sgPNLIP_2	NA	NA	NA	NA
NA	sgPNPT1_1	NA	NA	NA	NA
NA	sgPNRC2_1	NA	NA	NA	NA
NA	sgPNRC2_3	NA	NA	NA	NA
NA	sgPNRC2_4	NA	NA	NA	NA
NA	sgPODXL_3	NA	NA	NA	NA
NA	sgPOLR2C_1	NA	NA	NA	NA
NA	sgPOLR2C_2	NA	NA	NA	NA
NA	sgPOLR2E_4	NA	NA	NA	NA
NA	sgPOLR2J2_1	NA	NA	NA	NA
NA	sgPOLR2J2_3	NA	NA	NA	NA
NA	sgPOLR2J2_4	NA	NA	NA	NA
NA	sgPOLR2K_2	NA	NA	NA	NA
NA	sgPOLR2K_3	NA	NA	NA	NA
NA	sgPOLR2K_4	NA	NA	NA	NA
NA	sgPOLR2M_2	NA	NA	NA	NA
NA	sgPOLR3G_1	NA	NA	NA	NA
NA	sgPOLR3G_2	NA	NA	NA	NA
NA	sgPOLR3H_2	NA	NA	NA	NA
NA	sgPOLR3K_1	NA	NA	NA	NA
NA	sgPOLRMT_1	NA	NA	NA	NA
NA	sgPOLRMT_3	NA	NA	NA	NA
NA	sgPOLRMT_4	NA	NA	NA	NA
NA	sgPOM121C_4	NA	NA	NA	NA
NA	sgPOM121_2	NA	NA	NA	NA
NA	sgPOMGNT2_1	NA	NA	NA	NA
NA	sgPON2_2	NA	NA	NA	NA
NA	sgPOTEB2_4	NA	NA	NA	NA
NA	sgPOTEB3_4	NA	NA	NA	NA
NA	sgPOTEC_2	NA	NA	NA	NA
NA	sgPOTEC_4	NA	NA	NA	NA
NA	sgPOTED_1	NA	NA	NA	NA
NA	sgPOTEE_3	NA	NA	NA	NA
NA	sgPOTEF_1	NA	NA	NA	NA
NA	sgPOTEG_2	NA	NA	NA	NA
NA	sgPOTEH_2	NA	NA	NA	NA
NA	sgPOTEI_2	NA	NA	NA	NA
NA	sgPOTEM_3	NA	NA	NA	NA
NA	sgPOTEM_4	NA	NA	NA	NA
NA	sgPOU5F1B_1	NA	NA	NA	NA
NA	sgPOU5F1B_2	NA	NA	NA	NA
NA	sgPOU5F1B_3	NA	NA	NA	NA
NA	sgPOU5F1B_4	NA	NA	NA	NA
NA	sgPOU5F1_2	NA	NA	NA	NA
NA	sgPOU5F1_4	NA	NA	NA	NA
NA	sgPPA1_1	NA	NA	NA	NA
NA	sgPPAPDC3_4	NA	NA	NA	NA
NA	sgPPAT_1	NA	NA	NA	NA
NA	sgPPDPF_1	NA	NA	NA	NA
NA	sgPPDPF_4	NA	NA	NA	NA
NA	sgPPFIBP1_3	NA	NA	NA	NA
NA	sgPPIAL4A_1	NA	NA	NA	NA
NA	sgPPIAL4A_2	NA	NA	NA	NA
NA	sgPPIAL4D_3	NA	NA	NA	NA
NA	sgPPIAL4G_2	NA	NA	NA	NA
NA	sgPPIAL4G_4	NA	NA	NA	NA
NA	sgPPIA_3	NA	NA	NA	NA
NA	sgPPIE_1	NA	NA	NA	NA
NA	sgPPIG_3	NA	NA	NA	NA
NA	sgPPIG_4	NA	NA	NA	NA
NA	sgPPIH_1	NA	NA	NA	NA
NA	sgPPIL4_1	NA	NA	NA	NA
NA	sgPPM1A_3	NA	NA	NA	NA
NA	sgPPM1B_2	NA	NA	NA	NA
NA	sgPPP1R12B_3	NA	NA	NA	NA
NA	sgPPP1R14B_4	NA	NA	NA	NA
NA	sgPPP1R1A_3	NA	NA	NA	NA
NA	sgPPP1R26_4	NA	NA	NA	NA
NA	sgPPP1R36_4	NA	NA	NA	NA
NA	sgPPP1R3A_2	NA	NA	NA	NA
NA	sgPPP1R8_4	NA	NA	NA	NA
NA	sgPPP2CB_3	NA	NA	NA	NA
NA	sgPPP2CB_4	NA	NA	NA	NA
NA	sgPPP2R2A_3	NA	NA	NA	NA
NA	sgPPP2R2D_1	NA	NA	NA	NA
NA	sgPPP2R5A_3	NA	NA	NA	NA
NA	sgPPP2R5C_4	NA	NA	NA	NA
NA	sgPPP3CC_4	NA	NA	NA	NA
NA	sgPPP4R2_2	NA	NA	NA	NA
NA	sgPPP6R2_1	NA	NA	NA	NA
NA	sgPPT2_3	NA	NA	NA	NA
NA	sgPRADC1_1	NA	NA	NA	NA
NA	sgPRAMEF10_4	NA	NA	NA	NA
NA	sgPRAMEF11_1	NA	NA	NA	NA
NA	sgPRAMEF11_2	NA	NA	NA	NA
NA	sgPRAMEF11_3	NA	NA	NA	NA
NA	sgPRAMEF12_2	NA	NA	NA	NA
NA	sgPRAMEF14_1	NA	NA	NA	NA
NA	sgPRAMEF14_4	NA	NA	NA	NA
NA	sgPRAMEF15_3	NA	NA	NA	NA
NA	sgPRAMEF17_2	NA	NA	NA	NA
NA	sgPRAMEF17_4	NA	NA	NA	NA
NA	sgPRAMEF19_2	NA	NA	NA	NA
NA	sgPRAMEF19_3	NA	NA	NA	NA
NA	sgPRAMEF1_2	NA	NA	NA	NA
NA	sgPRAMEF20_1	NA	NA	NA	NA
NA	sgPRAMEF2_2	NA	NA	NA	NA
NA	sgPRAMEF2_3	NA	NA	NA	NA
NA	sgPRAMEF4_4	NA	NA	NA	NA
NA	sgPRAMEF7_2	NA	NA	NA	NA
NA	sgPRAMEF8_1	NA	NA	NA	NA
NA	sgPRAMEF9_2	NA	NA	NA	NA
NA	sgPRB2_4	NA	NA	NA	NA
NA	sgPRB3_1	NA	NA	NA	NA
NA	sgPRB3_3	NA	NA	NA	NA
NA	sgPRB4_1	NA	NA	NA	NA
NA	sgPRDM7_2	NA	NA	NA	NA
NA	sgPRDM7_3	NA	NA	NA	NA
NA	sgPRDM7_4	NA	NA	NA	NA
NA	sgPRDX2_2	NA	NA	NA	NA
NA	sgPRDX2_3	NA	NA	NA	NA
NA	sgPRDX3_2	NA	NA	NA	NA
NA	sgPRDX3_3	NA	NA	NA	NA
NA	sgPRDX3_4	NA	NA	NA	NA
NA	sgPRDX5_1	NA	NA	NA	NA
NA	sgPRDX5_2	NA	NA	NA	NA
NA	sgPRDX6_4	NA	NA	NA	NA
NA	sgPRELID1_1	NA	NA	NA	NA
NA	sgPRELID1_4	NA	NA	NA	NA
NA	sgPRELID2_1	NA	NA	NA	NA
NA	sgPREX1_3	NA	NA	NA	NA
NA	sgPRG4_1	NA	NA	NA	NA
NA	sgPRH1_3	NA	NA	NA	NA
NA	sgPRH1_4	NA	NA	NA	NA
NA	sgPRH2_2	NA	NA	NA	NA
NA	sgPRH2_4	NA	NA	NA	NA
NA	sgPRIM1_1	NA	NA	NA	NA
NA	sgPRIM2_2	NA	NA	NA	NA
NA	sgPRKAA1_1	NA	NA	NA	NA
NA	sgPRKAR2B_3	NA	NA	NA	NA
NA	sgPRKCI_1	NA	NA	NA	NA
NA	sgPRKCI_2	NA	NA	NA	NA
NA	sgPRKG1_2	NA	NA	NA	NA
NA	sgPRKRIP1_3	NA	NA	NA	NA
NA	sgPRKRIR_1	NA	NA	NA	NA
NA	sgPRKX_4	NA	NA	NA	NA
NA	sgPRMT3_1	NA	NA	NA	NA
NA	sgPROC_2	NA	NA	NA	NA
NA	sgPRODH_1	NA	NA	NA	NA
NA	sgPRODH_4	NA	NA	NA	NA
NA	sgPROP1_4	NA	NA	NA	NA
NA	sgPROS1_3	NA	NA	NA	NA
NA	sgPROS1_4	NA	NA	NA	NA
NA	sgPRPF38A_1	NA	NA	NA	NA
NA	sgPRPF38A_2	NA	NA	NA	NA
NA	sgPRPF38A_4	NA	NA	NA	NA
NA	sgPRPF3_1	NA	NA	NA	NA
NA	sgPRPF4B_2	NA	NA	NA	NA
NA	sgPRPS1L1_1	NA	NA	NA	NA
NA	sgPRPS1L1_2	NA	NA	NA	NA
NA	sgPRPS1_1	NA	NA	NA	NA
NA	sgPRR13_4	NA	NA	NA	NA
NA	sgPRR23A_2	NA	NA	NA	NA
NA	sgPRR23A_3	NA	NA	NA	NA
NA	sgPRR23B_1	NA	NA	NA	NA
NA	sgPRR23B_2	NA	NA	NA	NA
NA	sgPRR23B_3	NA	NA	NA	NA
NA	sgPRR23B_4	NA	NA	NA	NA
NA	sgPRR23C_1	NA	NA	NA	NA
NA	sgPRR23C_3	NA	NA	NA	NA
NA	sgPRR29_4	NA	NA	NA	NA
NA	sgPRR5_1	NA	NA	NA	NA
NA	sgPRRC2C_4	NA	NA	NA	NA
NA	sgPRRT3_4	NA	NA	NA	NA
NA	sgPRSS27_2	NA	NA	NA	NA
NA	sgPRSS2_1	NA	NA	NA	NA
NA	sgPRSS2_2	NA	NA	NA	NA
NA	sgPRSS2_3	NA	NA	NA	NA
NA	sgPRSS2_4	NA	NA	NA	NA
NA	sgPRSS3_1	NA	NA	NA	NA
NA	sgPRSS3_3	NA	NA	NA	NA
NA	sgPRSS3_4	NA	NA	NA	NA
NA	sgPRSS55_1	NA	NA	NA	NA
NA	sgPRSS55_3	NA	NA	NA	NA
NA	sgPRUNE2_2	NA	NA	NA	NA
NA	sgPRUNE2_3	NA	NA	NA	NA
NA	sgPSAT1_1	NA	NA	NA	NA
NA	sgPSAT1_4	NA	NA	NA	NA
NA	sgPSG11_1	NA	NA	NA	NA
NA	sgPSG11_3	NA	NA	NA	NA
NA	sgPSG1_2	NA	NA	NA	NA
NA	sgPSG3_1	NA	NA	NA	NA
NA	sgPSG3_2	NA	NA	NA	NA
NA	sgPSG3_3	NA	NA	NA	NA
NA	sgPSG3_4	NA	NA	NA	NA
NA	sgPSG4_2	NA	NA	NA	NA
NA	sgPSG4_3	NA	NA	NA	NA
NA	sgPSG5_1	NA	NA	NA	NA
NA	sgPSG6_1	NA	NA	NA	NA
NA	sgPSG6_2	NA	NA	NA	NA
NA	sgPSG6_3	NA	NA	NA	NA
NA	sgPSG8_2	NA	NA	NA	NA
NA	sgPSG8_3	NA	NA	NA	NA
NA	sgPSG8_4	NA	NA	NA	NA
NA	sgPSG9_1	NA	NA	NA	NA
NA	sgPSG9_2	NA	NA	NA	NA
NA	sgPSIP1_1	NA	NA	NA	NA
NA	sgPSMA2_1	NA	NA	NA	NA
NA	sgPSMA3_3	NA	NA	NA	NA
NA	sgPSMA6_2	NA	NA	NA	NA
NA	sgPSMA6_4	NA	NA	NA	NA
NA	sgPSMB3_4	NA	NA	NA	NA
NA	sgPSMB5_1	NA	NA	NA	NA
NA	sgPSMC5_1	NA	NA	NA	NA
NA	sgPSMC6_1	NA	NA	NA	NA
NA	sgPSMC6_3	NA	NA	NA	NA
NA	sgPSMD10_4	NA	NA	NA	NA
NA	sgPSMD12_1	NA	NA	NA	NA
NA	sgPSMD12_3	NA	NA	NA	NA
NA	sgPSMD13_2	NA	NA	NA	NA
NA	sgPSMD2_1	NA	NA	NA	NA
NA	sgPSMD2_2	NA	NA	NA	NA
NA	sgPSMD2_4	NA	NA	NA	NA
NA	sgPSMD4_1	NA	NA	NA	NA
NA	sgPSMD7_3	NA	NA	NA	NA
NA	sgPSMD9_4	NA	NA	NA	NA
NA	sgPSME2_2	NA	NA	NA	NA
NA	sgPSME2_3	NA	NA	NA	NA
NA	sgPSME2_4	NA	NA	NA	NA
NA	sgPSMG3_1	NA	NA	NA	NA
NA	sgPSMG3_2	NA	NA	NA	NA
NA	sgPSMG4_4	NA	NA	NA	NA
NA	sgPSORS1C1_3	NA	NA	NA	NA
NA	sgPSPH_1	NA	NA	NA	NA
NA	sgPTBP1_1	NA	NA	NA	NA
NA	sgPTBP1_2	NA	NA	NA	NA
NA	sgPTCD2_2	NA	NA	NA	NA
NA	sgPTCD3_3	NA	NA	NA	NA
NA	sgPTDSS2_2	NA	NA	NA	NA
NA	sgPTGES3_2	NA	NA	NA	NA
NA	sgPTGES3_3	NA	NA	NA	NA
NA	sgPTGR1_2	NA	NA	NA	NA
NA	sgPTGR1_3	NA	NA	NA	NA
NA	sgPTPN11_2	NA	NA	NA	NA
NA	sgPTPN11_3	NA	NA	NA	NA
NA	sgPTPN11_4	NA	NA	NA	NA
NA	sgPTPN20_4	NA	NA	NA	NA
NA	sgPTPN2_3	NA	NA	NA	NA
NA	sgPTPN2_4	NA	NA	NA	NA
NA	sgPTPRH_2	NA	NA	NA	NA
NA	sgPTPRQ_4	NA	NA	NA	NA
NA	sgPTPRU_1	NA	NA	NA	NA
NA	sgPTTG1_3	NA	NA	NA	NA
NA	sgPTTG1_4	NA	NA	NA	NA
NA	sgPTTG2_1	NA	NA	NA	NA
NA	sgPTTG2_2	NA	NA	NA	NA
NA	sgPTTG2_4	NA	NA	NA	NA
NA	sgPVRIG_2	NA	NA	NA	NA
NA	sgPWP1_2	NA	NA	NA	NA
NA	sgPWP2_3	NA	NA	NA	NA
NA	sgPWWP2B_1	NA	NA	NA	NA
NA	sgPYDC2_1	NA	NA	NA	NA
NA	sgPYDC2_3	NA	NA	NA	NA
NA	sgPYDC2_4	NA	NA	NA	NA
NA	sgPYROXD1_1	NA	NA	NA	NA
NA	sgPYROXD1_2	NA	NA	NA	NA
NA	sgPYROXD1_3	NA	NA	NA	NA
NA	sgPYROXD1_4	NA	NA	NA	NA
NA	sgPYURF_1	NA	NA	NA	NA
NA	sgPYY_4	NA	NA	NA	NA
NA	sgRAB11FIP2_4	NA	NA	NA	NA
NA	sgRAB11FIP4_3	NA	NA	NA	NA
NA	sgRAB13_3	NA	NA	NA	NA
NA	sgRAB13_4	NA	NA	NA	NA
NA	sgRAB1A_1	NA	NA	NA	NA
NA	sgRAB1A_4	NA	NA	NA	NA
NA	sgRAB1B_1	NA	NA	NA	NA
NA	sgRAB1B_3	NA	NA	NA	NA
NA	sgRAB20_1	NA	NA	NA	NA
NA	sgRAB27A_2	NA	NA	NA	NA
NA	sgRAB27B_4	NA	NA	NA	NA
NA	sgRAB38_4	NA	NA	NA	NA
NA	sgRAB3B_3	NA	NA	NA	NA
NA	sgRAB3GAP2_3	NA	NA	NA	NA
NA	sgRAB40A_3	NA	NA	NA	NA
NA	sgRAB42_2	NA	NA	NA	NA
NA	sgRAB42_4	NA	NA	NA	NA
NA	sgRAB43_1	NA	NA	NA	NA
NA	sgRAB44_1	NA	NA	NA	NA
NA	sgRAB5A_1	NA	NA	NA	NA
NA	sgRAB5A_3	NA	NA	NA	NA
NA	sgRAB5C_3	NA	NA	NA	NA
NA	sgRAB6C_2	NA	NA	NA	NA
NA	sgRAB8B_4	NA	NA	NA	NA
NA	sgRAB9A_2	NA	NA	NA	NA
NA	sgRAB9A_3	NA	NA	NA	NA
NA	sgRABAC1_4	NA	NA	NA	NA
NA	sgRABGEF1_2	NA	NA	NA	NA
NA	sgRABL2A_2	NA	NA	NA	NA
NA	sgRABL2A_4	NA	NA	NA	NA
NA	sgRABL2B_4	NA	NA	NA	NA
NA	sgRABL6_1	NA	NA	NA	NA
NA	sgRABL6_4	NA	NA	NA	NA
NA	sgRACGAP1_1	NA	NA	NA	NA
NA	sgRAD17_2	NA	NA	NA	NA
NA	sgRAD18_4	NA	NA	NA	NA
NA	sgRAD1_3	NA	NA	NA	NA
NA	sgRAD1_4	NA	NA	NA	NA
NA	sgRAD21_3	NA	NA	NA	NA
NA	sgRAD51C_4	NA	NA	NA	NA
NA	sgRAD52_1	NA	NA	NA	NA
NA	sgRAET1G_2	NA	NA	NA	NA
NA	sgRAET1G_3	NA	NA	NA	NA
NA	sgRAET1L_1	NA	NA	NA	NA
NA	sgRAET1L_2	NA	NA	NA	NA
NA	sgRAET1L_3	NA	NA	NA	NA
NA	sgRAET1L_4	NA	NA	NA	NA
NA	sgRAI2_3	NA	NA	NA	NA
NA	sgRALBP1_1	NA	NA	NA	NA
NA	sgRALBP1_3	NA	NA	NA	NA
NA	sgRALGAPA1_4	NA	NA	NA	NA
NA	sgRANBP1_2	NA	NA	NA	NA
NA	sgRANBP1_4	NA	NA	NA	NA
NA	sgRAN_1	NA	NA	NA	NA
NA	sgRAP1A_4	NA	NA	NA	NA
NA	sgRAP1B_1	NA	NA	NA	NA
NA	sgRAP1GDS1_1	NA	NA	NA	NA
NA	sgRAP2A_4	NA	NA	NA	NA
NA	sgRAP2B_2	NA	NA	NA	NA
NA	sgRAP2B_4	NA	NA	NA	NA
NA	sgRARRES2_4	NA	NA	NA	NA
NA	sgRASA4B_2	NA	NA	NA	NA
NA	sgRASA4_1	NA	NA	NA	NA
NA	sgRASAL1_1	NA	NA	NA	NA
NA	sgRASD2_3	NA	NA	NA	NA
NA	sgRASGRP3_1	NA	NA	NA	NA
NA	sgRASGRP4_4	NA	NA	NA	NA
NA	sgRASSF2_3	NA	NA	NA	NA
NA	sgRASSF3_2	NA	NA	NA	NA
NA	sgRASSF6_3	NA	NA	NA	NA
NA	sgRAVER2_2	NA	NA	NA	NA
NA	sgRAX2_4	NA	NA	NA	NA
NA	sgRBBP4_3	NA	NA	NA	NA
NA	sgRBBP4_4	NA	NA	NA	NA
NA	sgRBL2_1	NA	NA	NA	NA
NA	sgRBM17_1	NA	NA	NA	NA
NA	sgRBM17_2	NA	NA	NA	NA
NA	sgRBM27_2	NA	NA	NA	NA
NA	sgRBM39_1	NA	NA	NA	NA
NA	sgRBM39_4	NA	NA	NA	NA
NA	sgRBM3_1	NA	NA	NA	NA
NA	sgRBM3_4	NA	NA	NA	NA
NA	sgRBM43_4	NA	NA	NA	NA
NA	sgRBM47_4	NA	NA	NA	NA
NA	sgRBM48_1	NA	NA	NA	NA
NA	sgRBM4_1	NA	NA	NA	NA
NA	sgRBM4_3	NA	NA	NA	NA
NA	sgRBM7_1	NA	NA	NA	NA
NA	sgRBM8A_2	NA	NA	NA	NA
NA	sgRBM8A_3	NA	NA	NA	NA
NA	sgRBMS1_2	NA	NA	NA	NA
NA	sgRBMS1_3	NA	NA	NA	NA
NA	sgRBMS2_4	NA	NA	NA	NA
NA	sgRBMX2_2	NA	NA	NA	NA
NA	sgRBMX2_3	NA	NA	NA	NA
NA	sgRBMXL1_3	NA	NA	NA	NA
NA	sgRBMXL2_1	NA	NA	NA	NA
NA	sgRBMXL2_4	NA	NA	NA	NA
NA	sgRBMXL3_2	NA	NA	NA	NA
NA	sgRBMXL3_3	NA	NA	NA	NA
NA	sgRBMX_2	NA	NA	NA	NA
NA	sgRCBTB2_4	NA	NA	NA	NA
NA	sgRCC2_2	NA	NA	NA	NA
NA	sgRCN2_2	NA	NA	NA	NA
NA	sgRCOR1_2	NA	NA	NA	NA
NA	sgRCOR2_3	NA	NA	NA	NA
NA	sgRD3_3	NA	NA	NA	NA
NA	sgRDM1_1	NA	NA	NA	NA
NA	sgRDM1_2	NA	NA	NA	NA
NA	sgRDX_1	NA	NA	NA	NA
NA	sgRDX_2	NA	NA	NA	NA
NA	sgRECQL5_1	NA	NA	NA	NA
NA	sgREEP2_1	NA	NA	NA	NA
NA	sgREEP2_4	NA	NA	NA	NA
NA	sgREG1A_2	NA	NA	NA	NA
NA	sgREG1A_3	NA	NA	NA	NA
NA	sgREG1A_4	NA	NA	NA	NA
NA	sgREG1B_1	NA	NA	NA	NA
NA	sgREG1B_3	NA	NA	NA	NA
NA	sgREG1B_4	NA	NA	NA	NA
NA	sgREG3A_1	NA	NA	NA	NA
NA	sgREG3A_2	NA	NA	NA	NA
NA	sgREG3A_3	NA	NA	NA	NA
NA	sgREG3G_2	NA	NA	NA	NA
NA	sgREG3G_3	NA	NA	NA	NA
NA	sgREL_1	NA	NA	NA	NA
NA	sgREN_2	NA	NA	NA	NA
NA	sgRERE_3	NA	NA	NA	NA
NA	sgRESP18_4	NA	NA	NA	NA
NA	sgREST_2	NA	NA	NA	NA
NA	sgREV3L_2	NA	NA	NA	NA
NA	sgREXO4_1	NA	NA	NA	NA
NA	sgREXO4_3	NA	NA	NA	NA
NA	sgRFESD_1	NA	NA	NA	NA
NA	sgRFK_3	NA	NA	NA	NA
NA	sgRFK_4	NA	NA	NA	NA
NA	sgRFPL1_2	NA	NA	NA	NA
NA	sgRFPL1_3	NA	NA	NA	NA
NA	sgRFPL2_1	NA	NA	NA	NA
NA	sgRFPL3_1	NA	NA	NA	NA
NA	sgRFPL3_3	NA	NA	NA	NA
NA	sgRFPL4AL1_1	NA	NA	NA	NA
NA	sgRFPL4AL1_2	NA	NA	NA	NA
NA	sgRFPL4A_2	NA	NA	NA	NA
NA	sgRFT1_4	NA	NA	NA	NA
NA	sgRFX6_4	NA	NA	NA	NA
NA	sgRGPD3_4	NA	NA	NA	NA
NA	sgRGPD4_3	NA	NA	NA	NA
NA	sgRGPD4_4	NA	NA	NA	NA
NA	sgRGPD8_1	NA	NA	NA	NA
NA	sgRGR_1	NA	NA	NA	NA
NA	sgRGS17_3	NA	NA	NA	NA
NA	sgRHBDF1_4	NA	NA	NA	NA
NA	sgRHBDL2_4	NA	NA	NA	NA
NA	sgRHCE_1	NA	NA	NA	NA
NA	sgRHD_2	NA	NA	NA	NA
NA	sgRHD_4	NA	NA	NA	NA
NA	sgRHEB_3	NA	NA	NA	NA
NA	sgRHOQ_2	NA	NA	NA	NA
NA	sgRHOXF2B_1	NA	NA	NA	NA
NA	sgRHOXF2_1	NA	NA	NA	NA
NA	sgRHPN2_3	NA	NA	NA	NA
NA	sgRHPN2_4	NA	NA	NA	NA
NA	sgRIMBP3B_2	NA	NA	NA	NA
NA	sgRIMBP3B_4	NA	NA	NA	NA
NA	sgRIMKLB_1	NA	NA	NA	NA
NA	sgRIMKLB_2	NA	NA	NA	NA
NA	sgRIMKLB_4	NA	NA	NA	NA
NA	sgRIOK3_1	NA	NA	NA	NA
NA	sgRIPK3_1	NA	NA	NA	NA
NA	sgRIT1_4	NA	NA	NA	NA
NA	sgRLN1_3	NA	NA	NA	NA
NA	sgRLN3_3	NA	NA	NA	NA
NA	sgRNASE7_3	NA	NA	NA	NA
NA	sgRNASE7_4	NA	NA	NA	NA
NA	sgRNASE8_2	NA	NA	NA	NA
NA	sgRNASEH1_3	NA	NA	NA	NA
NA	sgRNASET2_2	NA	NA	NA	NA
NA	sgRNF126_2	NA	NA	NA	NA
NA	sgRNF126_3	NA	NA	NA	NA
NA	sgRNF138_1	NA	NA	NA	NA
NA	sgRNF138_2	NA	NA	NA	NA
NA	sgRNF138_3	NA	NA	NA	NA
NA	sgRNF145_3	NA	NA	NA	NA
NA	sgRNF148_4	NA	NA	NA	NA
NA	sgRNF14_4	NA	NA	NA	NA
NA	sgRNF152_1	NA	NA	NA	NA
NA	sgRNF152_3	NA	NA	NA	NA
NA	sgRNF152_4	NA	NA	NA	NA
NA	sgRNF181_4	NA	NA	NA	NA
NA	sgRNF20_4	NA	NA	NA	NA
NA	sgRNF2_1	NA	NA	NA	NA
NA	sgRNF2_3	NA	NA	NA	NA
NA	sgRNF2_4	NA	NA	NA	NA
NA	sgRNF5_3	NA	NA	NA	NA
NA	sgRNF6_1	NA	NA	NA	NA
NA	sgRNF6_3	NA	NA	NA	NA
NA	sgRNF7_2	NA	NA	NA	NA
NA	sgRNFT1_1	NA	NA	NA	NA
NA	sgRNPC3_4	NA	NA	NA	NA
NA	sgRNPS1_2	NA	NA	NA	NA
NA	sgRNPS1_3	NA	NA	NA	NA
NA	sgROBO4_1	NA	NA	NA	NA
NA	sgROPN1B_3	NA	NA	NA	NA
NA	sgROPN1B_4	NA	NA	NA	NA
NA	sgROPN1_2	NA	NA	NA	NA
NA	sgROPN1_3	NA	NA	NA	NA
NA	sgRP9_2	NA	NA	NA	NA
NA	sgRP9_4	NA	NA	NA	NA
NA	sgRPA2_3	NA	NA	NA	NA
NA	sgRPA3_2	NA	NA	NA	NA
NA	sgRPA3_4	NA	NA	NA	NA
NA	sgRPAP2_2	NA	NA	NA	NA
NA	sgRPEL1_1	NA	NA	NA	NA
NA	sgRPEL1_2	NA	NA	NA	NA
NA	sgRPEL1_3	NA	NA	NA	NA
NA	sgRPE_1	NA	NA	NA	NA
NA	sgRPE_2	NA	NA	NA	NA
NA	sgRPF2_2	NA	NA	NA	NA
NA	sgRPF2_3	NA	NA	NA	NA
NA	sgRPGRIP1_2	NA	NA	NA	NA
NA	sgRPL10A_1	NA	NA	NA	NA
NA	sgRPL10A_3	NA	NA	NA	NA
NA	sgRPL13A_2	NA	NA	NA	NA
NA	sgRPL13_1	NA	NA	NA	NA
NA	sgRPL13_2	NA	NA	NA	NA
NA	sgRPL13_3	NA	NA	NA	NA
NA	sgRPL14_4	NA	NA	NA	NA
NA	sgRPL18_1	NA	NA	NA	NA
NA	sgRPL18_3	NA	NA	NA	NA
NA	sgRPL18_4	NA	NA	NA	NA
NA	sgRPL22L1_1	NA	NA	NA	NA
NA	sgRPL22L1_3	NA	NA	NA	NA
NA	sgRPL22_1	NA	NA	NA	NA
NA	sgRPL23A_1	NA	NA	NA	NA
NA	sgRPL23_2	NA	NA	NA	NA
NA	sgRPL23_3	NA	NA	NA	NA
NA	sgRPL24_1	NA	NA	NA	NA
NA	sgRPL24_3	NA	NA	NA	NA
NA	sgRPL24_4	NA	NA	NA	NA
NA	sgRPL26L1_2	NA	NA	NA	NA
NA	sgRPL27_4	NA	NA	NA	NA
NA	sgRPL28_3	NA	NA	NA	NA
NA	sgRPL30_2	NA	NA	NA	NA
NA	sgRPL31_4	NA	NA	NA	NA
NA	sgRPL35A_2	NA	NA	NA	NA
NA	sgRPL35A_3	NA	NA	NA	NA
NA	sgRPL35_1	NA	NA	NA	NA
NA	sgRPL35_2	NA	NA	NA	NA
NA	sgRPL35_3	NA	NA	NA	NA
NA	sgRPL36AL_2	NA	NA	NA	NA
NA	sgRPL36AL_4	NA	NA	NA	NA
NA	sgRPL36_2	NA	NA	NA	NA
NA	sgRPL36_3	NA	NA	NA	NA
NA	sgRPL36_4	NA	NA	NA	NA
NA	sgRPL37A_1	NA	NA	NA	NA
NA	sgRPL37A_2	NA	NA	NA	NA
NA	sgRPL37_1	NA	NA	NA	NA
NA	sgRPL37_2	NA	NA	NA	NA
NA	sgRPL38_1	NA	NA	NA	NA
NA	sgRPL39L_1	NA	NA	NA	NA
NA	sgRPL3L_1	NA	NA	NA	NA
NA	sgRPL3_1	NA	NA	NA	NA
NA	sgRPL3_3	NA	NA	NA	NA
NA	sgRPL3_4	NA	NA	NA	NA
NA	sgRPL4_2	NA	NA	NA	NA
NA	sgRPL9_3	NA	NA	NA	NA
NA	sgRPLP0_3	NA	NA	NA	NA
NA	sgRPLP0_4	NA	NA	NA	NA
NA	sgRPLP1_1	NA	NA	NA	NA
NA	sgRPLP1_2	NA	NA	NA	NA
NA	sgRPLP2_1	NA	NA	NA	NA
NA	sgRPLP2_2	NA	NA	NA	NA
NA	sgRPLP2_3	NA	NA	NA	NA
NA	sgRPLP2_4	NA	NA	NA	NA
NA	sgRPN1_4	NA	NA	NA	NA
NA	sgRPP14_2	NA	NA	NA	NA
NA	sgRPS10_2	NA	NA	NA	NA
NA	sgRPS11_2	NA	NA	NA	NA
NA	sgRPS11_3	NA	NA	NA	NA
NA	sgRPS11_4	NA	NA	NA	NA
NA	sgRPS12_1	NA	NA	NA	NA
NA	sgRPS14_1	NA	NA	NA	NA
NA	sgRPS15A_2	NA	NA	NA	NA
NA	sgRPS15_4	NA	NA	NA	NA
NA	sgRPS16_3	NA	NA	NA	NA
NA	sgRPS17_3	NA	NA	NA	NA
NA	sgRPS18_1	NA	NA	NA	NA
NA	sgRPS19_1	NA	NA	NA	NA
NA	sgRPS19_2	NA	NA	NA	NA
NA	sgRPS19_3	NA	NA	NA	NA
NA	sgRPS19_4	NA	NA	NA	NA
NA	sgRPS20_4	NA	NA	NA	NA
NA	sgRPS21_1	NA	NA	NA	NA
NA	sgRPS21_2	NA	NA	NA	NA
NA	sgRPS21_3	NA	NA	NA	NA
NA	sgRPS23_2	NA	NA	NA	NA
NA	sgRPS24_1	NA	NA	NA	NA
NA	sgRPS24_2	NA	NA	NA	NA
NA	sgRPS24_4	NA	NA	NA	NA
NA	sgRPS27L_2	NA	NA	NA	NA
NA	sgRPS27L_3	NA	NA	NA	NA
NA	sgRPS27L_4	NA	NA	NA	NA
NA	sgRPS29_2	NA	NA	NA	NA
NA	sgRPS2_3	NA	NA	NA	NA
NA	sgRPS3_2	NA	NA	NA	NA
NA	sgRPS3_3	NA	NA	NA	NA
NA	sgRPS3_4	NA	NA	NA	NA
NA	sgRPS4X_1	NA	NA	NA	NA
NA	sgRPS4X_4	NA	NA	NA	NA
NA	sgRPS4Y1_4	NA	NA	NA	NA
NA	sgRPS4Y2_3	NA	NA	NA	NA
NA	sgRPS4Y2_4	NA	NA	NA	NA
NA	sgRPS5_1	NA	NA	NA	NA
NA	sgRPS5_3	NA	NA	NA	NA
NA	sgRPS6KB1_2	NA	NA	NA	NA
NA	sgRPS6_2	NA	NA	NA	NA
NA	sgRPS6_4	NA	NA	NA	NA
NA	sgRPS8_2	NA	NA	NA	NA
NA	sgRPS9_1	NA	NA	NA	NA
NA	sgRPS9_4	NA	NA	NA	NA
NA	sgRRAS2_3	NA	NA	NA	NA
NA	sgRRM2_2	NA	NA	NA	NA
NA	sgRRM2_3	NA	NA	NA	NA
NA	sgRRN3_2	NA	NA	NA	NA
NA	sgRRP1B_3	NA	NA	NA	NA
NA	sgRRP7A_4	NA	NA	NA	NA
NA	sgRSPH10B_3	NA	NA	NA	NA
NA	sgRSPO4_4	NA	NA	NA	NA
NA	sgRSU1_1	NA	NA	NA	NA
NA	sgRSU1_2	NA	NA	NA	NA
NA	sgRTN4IP1_1	NA	NA	NA	NA
NA	sgRTN4IP1_2	NA	NA	NA	NA
NA	sgRTP2_4	NA	NA	NA	NA
NA	sgRTP4_2	NA	NA	NA	NA
NA	sgRUFY3_2	NA	NA	NA	NA
NA	sgRUVBL1_3	NA	NA	NA	NA
NA	sgRWDD1_1	NA	NA	NA	NA
NA	sgRWDD1_4	NA	NA	NA	NA
NA	sgRWDD4_2	NA	NA	NA	NA
NA	sgRYK_2	NA	NA	NA	NA
NA	sgRYK_4	NA	NA	NA	NA
NA	sgS100A11_2	NA	NA	NA	NA
NA	sgS100A11_4	NA	NA	NA	NA
NA	sgS100A7_4	NA	NA	NA	NA
NA	sgS100A9_3	NA	NA	NA	NA
NA	sgS1PR1_3	NA	NA	NA	NA
NA	sgSAA1_2	NA	NA	NA	NA
NA	sgSAA2_3	NA	NA	NA	NA
NA	sgSAC3D1_3	NA	NA	NA	NA
NA	sgSAE1_1	NA	NA	NA	NA
NA	sgSAE1_4	NA	NA	NA	NA
NA	sgSALL1_1	NA	NA	NA	NA
NA	sgSALL1_3	NA	NA	NA	NA
NA	sgSALL1_4	NA	NA	NA	NA
NA	sgSAMD12_1	NA	NA	NA	NA
NA	sgSAMD8_4	NA	NA	NA	NA
NA	sgSAMD9L_4	NA	NA	NA	NA
NA	sgSAMD9_4	NA	NA	NA	NA
NA	sgSAP18_4	NA	NA	NA	NA
NA	sgSAPCD2_2	NA	NA	NA	NA
NA	sgSAPCD2_3	NA	NA	NA	NA
NA	sgSAR1A_2	NA	NA	NA	NA
NA	sgSATL1_1	NA	NA	NA	NA
NA	sgSATL1_2	NA	NA	NA	NA
NA	sgSAV1_2	NA	NA	NA	NA
NA	sgSAV1_3	NA	NA	NA	NA
NA	sgSAV1_4	NA	NA	NA	NA
NA	sgSAXO1_1	NA	NA	NA	NA
NA	sgSAXO2_3	NA	NA	NA	NA
NA	sgSAXO2_4	NA	NA	NA	NA
NA	sgSBDS_1	NA	NA	NA	NA
NA	sgSBDS_2	NA	NA	NA	NA
NA	sgSBDS_3	NA	NA	NA	NA
NA	sgSBDS_4	NA	NA	NA	NA
NA	sgSBF1_3	NA	NA	NA	NA
NA	sgSBK3_1	NA	NA	NA	NA
NA	sgSBNO1_2	NA	NA	NA	NA
NA	sgSCAF11_1	NA	NA	NA	NA
NA	sgSCAI_4	NA	NA	NA	NA
NA	sgSCD_2	NA	NA	NA	NA
NA	sgSCD_4	NA	NA	NA	NA
NA	sgSCGB1C2_1	NA	NA	NA	NA
NA	sgSCGB1D1_1	NA	NA	NA	NA
NA	sgSCGB1D2_2	NA	NA	NA	NA
NA	sgSCGB2B2_2	NA	NA	NA	NA
NA	sgSCN1A_4	NA	NA	NA	NA
NA	sgSCN9A_4	NA	NA	NA	NA
NA	sgSCP2_2	NA	NA	NA	NA
NA	sgSCYL2_3	NA	NA	NA	NA
NA	sgSDAD1_1	NA	NA	NA	NA
NA	sgSDC1_4	NA	NA	NA	NA
NA	sgSDC3_4	NA	NA	NA	NA
NA	sgSDC4_4	NA	NA	NA	NA
NA	sgSDCBP_2	NA	NA	NA	NA
NA	sgSDCBP_4	NA	NA	NA	NA
NA	sgSDCCAG3_2	NA	NA	NA	NA
NA	sgSDCCAG3_4	NA	NA	NA	NA
NA	sgSDHAF1_2	NA	NA	NA	NA
NA	sgSDHA_1	NA	NA	NA	NA
NA	sgSDHA_4	NA	NA	NA	NA
NA	sgSDHC_3	NA	NA	NA	NA
NA	sgSDR42E1_2	NA	NA	NA	NA
NA	sgSEC11A_2	NA	NA	NA	NA
NA	sgSEC14L4_1	NA	NA	NA	NA
NA	sgSEC14L5_1	NA	NA	NA	NA
NA	sgSEC14L6_2	NA	NA	NA	NA
NA	sgSEC16B_3	NA	NA	NA	NA
NA	sgSEC22B_2	NA	NA	NA	NA
NA	sgSEC23IP_3	NA	NA	NA	NA
NA	sgSEC61B_1	NA	NA	NA	NA
NA	sgSEC61G_2	NA	NA	NA	NA
NA	sgSELT_3	NA	NA	NA	NA
NA	sgSELT_4	NA	NA	NA	NA
NA	sgSEMA3C_2	NA	NA	NA	NA
NA	sgSEMA3E_2	NA	NA	NA	NA
NA	sgSEMA3G_3	NA	NA	NA	NA
NA	sgSEMA4A_2	NA	NA	NA	NA
NA	sgSENP6_2	NA	NA	NA	NA
NA	sgSEPHS1_1	NA	NA	NA	NA
NA	sgSEPHS1_4	NA	NA	NA	NA
NA	sgSEPHS2_1	NA	NA	NA	NA
NA	sgSEPT10_3	NA	NA	NA	NA
NA	sgSEPT10_4	NA	NA	NA	NA
NA	sgSEPT14_3	NA	NA	NA	NA
NA	sgSEPT1_2	NA	NA	NA	NA
NA	sgSEPT7_3	NA	NA	NA	NA
NA	sgSEPT7_4	NA	NA	NA	NA
NA	sgSERBP1_1	NA	NA	NA	NA
NA	sgSERBP1_3	NA	NA	NA	NA
NA	sgSERF2_3	NA	NA	NA	NA
NA	sgSERPINB10_2	NA	NA	NA	NA
NA	sgSERPINB1_3	NA	NA	NA	NA
NA	sgSERPINB3_2	NA	NA	NA	NA
NA	sgSERPINB3_3	NA	NA	NA	NA
NA	sgSERPINH1_1	NA	NA	NA	NA
NA	sgSERPINH1_2	NA	NA	NA	NA
NA	sgSERPINH1_4	NA	NA	NA	NA
NA	sgSETSIP_1	NA	NA	NA	NA
NA	sgSETSIP_3	NA	NA	NA	NA
NA	sgSETSIP_4	NA	NA	NA	NA
NA	sgSEZ6L_1	NA	NA	NA	NA
NA	sgSF3B3_3	NA	NA	NA	NA
NA	sgSF3B4_1	NA	NA	NA	NA
NA	sgSF3B4_4	NA	NA	NA	NA
NA	sgSFR1_2	NA	NA	NA	NA
NA	sgSFR1_4	NA	NA	NA	NA
NA	sgSFTPA1_1	NA	NA	NA	NA
NA	sgSFTPA1_2	NA	NA	NA	NA
NA	sgSFTPA1_3	NA	NA	NA	NA
NA	sgSFTPA2_1	NA	NA	NA	NA
NA	sgSFTPA2_3	NA	NA	NA	NA
NA	sgSFTPB_4	NA	NA	NA	NA
NA	sgSFTPD_3	NA	NA	NA	NA
NA	sgSFXN4_2	NA	NA	NA	NA
NA	sgSGCD_2	NA	NA	NA	NA
NA	sgSGOL2_3	NA	NA	NA	NA
NA	sgSGPL1_2	NA	NA	NA	NA
NA	sgSH2D2A_3	NA	NA	NA	NA
NA	sgSH2D5_4	NA	NA	NA	NA
NA	sgSH3BGRL3_3	NA	NA	NA	NA
NA	sgSH3BGR_2	NA	NA	NA	NA
NA	sgSH3PXD2B_2	NA	NA	NA	NA
NA	sgSHANK3_4	NA	NA	NA	NA
NA	sgSHCBP1_1	NA	NA	NA	NA
NA	sgSHFM1_4	NA	NA	NA	NA
NA	sgSHF_4	NA	NA	NA	NA
NA	sgSHISA4_3	NA	NA	NA	NA
NA	sgSHISA5_1	NA	NA	NA	NA
NA	sgSHQ1_2	NA	NA	NA	NA
NA	sgSHQ1_4	NA	NA	NA	NA
NA	sgSHROOM4_3	NA	NA	NA	NA
NA	sgSIAH2_3	NA	NA	NA	NA
NA	sgSIGLEC10_2	NA	NA	NA	NA
NA	sgSIGLEC11_1	NA	NA	NA	NA
NA	sgSIGLEC11_3	NA	NA	NA	NA
NA	sgSIGLEC11_4	NA	NA	NA	NA
NA	sgSIGLEC14_1	NA	NA	NA	NA
NA	sgSIGLEC6_1	NA	NA	NA	NA
NA	sgSIGLEC7_1	NA	NA	NA	NA
NA	sgSIGLEC8_3	NA	NA	NA	NA
NA	sgSIGLEC9_3	NA	NA	NA	NA
NA	sgSIGLECL1_1	NA	NA	NA	NA
NA	sgSIK2_2	NA	NA	NA	NA
NA	sgSIN3A_2	NA	NA	NA	NA
NA	sgSIRPB1_3	NA	NA	NA	NA
NA	sgSIRPG_3	NA	NA	NA	NA
NA	sgSIRT1_1	NA	NA	NA	NA
NA	sgSIRT6_2	NA	NA	NA	NA
NA	sgSIX2_4	NA	NA	NA	NA
NA	sgSIX3_4	NA	NA	NA	NA
NA	sgSIX6_3	NA	NA	NA	NA
NA	sgSKAP1_4	NA	NA	NA	NA
NA	sgSKP1_2	NA	NA	NA	NA
NA	sgSLAMF6_4	NA	NA	NA	NA
NA	sgSLAMF9_3	NA	NA	NA	NA
NA	sgSLBP_4	NA	NA	NA	NA
NA	sgSLC10A5_1	NA	NA	NA	NA
NA	sgSLC10A5_2	NA	NA	NA	NA
NA	sgSLC14A2_2	NA	NA	NA	NA
NA	sgSLC15A5_2	NA	NA	NA	NA
NA	sgSLC16A6_3	NA	NA	NA	NA
NA	sgSLC17A1_2	NA	NA	NA	NA
NA	sgSLC18A1_1	NA	NA	NA	NA
NA	sgSLC18A1_4	NA	NA	NA	NA
NA	sgSLC19A3_1	NA	NA	NA	NA
NA	sgSLC19A3_4	NA	NA	NA	NA
NA	sgSLC1A1_1	NA	NA	NA	NA
NA	sgSLC22A12_1	NA	NA	NA	NA
NA	sgSLC22A31_1	NA	NA	NA	NA
NA	sgSLC22A4_4	NA	NA	NA	NA
NA	sgSLC24A4_1	NA	NA	NA	NA
NA	sgSLC25A13_3	NA	NA	NA	NA
NA	sgSLC25A13_4	NA	NA	NA	NA
NA	sgSLC25A14_2	NA	NA	NA	NA
NA	sgSLC25A15_3	NA	NA	NA	NA
NA	sgSLC25A1_1	NA	NA	NA	NA
NA	sgSLC25A1_3	NA	NA	NA	NA
NA	sgSLC25A25_3	NA	NA	NA	NA
NA	sgSLC25A33_2	NA	NA	NA	NA
NA	sgSLC25A38_3	NA	NA	NA	NA
NA	sgSLC25A42_4	NA	NA	NA	NA
NA	sgSLC25A48_2	NA	NA	NA	NA
NA	sgSLC25A51_2	NA	NA	NA	NA
NA	sgSLC25A51_3	NA	NA	NA	NA
NA	sgSLC25A52_2	NA	NA	NA	NA
NA	sgSLC25A52_4	NA	NA	NA	NA
NA	sgSLC25A53_4	NA	NA	NA	NA
NA	sgSLC25A5_2	NA	NA	NA	NA
NA	sgSLC25A5_3	NA	NA	NA	NA
NA	sgSLC25A5_4	NA	NA	NA	NA
NA	sgSLC28A1_1	NA	NA	NA	NA
NA	sgSLC29A4_1	NA	NA	NA	NA
NA	sgSLC29A4_2	NA	NA	NA	NA
NA	sgSLC29A4_3	NA	NA	NA	NA
NA	sgSLC2A13_1	NA	NA	NA	NA
NA	sgSLC2A13_4	NA	NA	NA	NA
NA	sgSLC2A14_2	NA	NA	NA	NA
NA	sgSLC2A14_3	NA	NA	NA	NA
NA	sgSLC2A1_4	NA	NA	NA	NA
NA	sgSLC2A3_1	NA	NA	NA	NA
NA	sgSLC2A3_2	NA	NA	NA	NA
NA	sgSLC2A9_2	NA	NA	NA	NA
NA	sgSLC30A1_3	NA	NA	NA	NA
NA	sgSLC31A1_1	NA	NA	NA	NA
NA	sgSLC34A1_1	NA	NA	NA	NA
NA	sgSLC35E2B_2	NA	NA	NA	NA
NA	sgSLC35E4_4	NA	NA	NA	NA
NA	sgSLC35G3_1	NA	NA	NA	NA
NA	sgSLC35G3_2	NA	NA	NA	NA
NA	sgSLC35G3_3	NA	NA	NA	NA
NA	sgSLC35G3_4	NA	NA	NA	NA
NA	sgSLC35G4_1	NA	NA	NA	NA
NA	sgSLC35G4_2	NA	NA	NA	NA
NA	sgSLC35G4_3	NA	NA	NA	NA
NA	sgSLC35G4_4	NA	NA	NA	NA
NA	sgSLC35G5_4	NA	NA	NA	NA
NA	sgSLC35G6_1	NA	NA	NA	NA
NA	sgSLC35G6_3	NA	NA	NA	NA
NA	sgSLC35G6_4	NA	NA	NA	NA
NA	sgSLC37A4_2	NA	NA	NA	NA
NA	sgSLC40A1_1	NA	NA	NA	NA
NA	sgSLC44A4_2	NA	NA	NA	NA
NA	sgSLC44A5_3	NA	NA	NA	NA
NA	sgSLC45A2_4	NA	NA	NA	NA
NA	sgSLC52A1_2	NA	NA	NA	NA
NA	sgSLC52A1_4	NA	NA	NA	NA
NA	sgSLC52A2_3	NA	NA	NA	NA
NA	sgSLC52A2_4	NA	NA	NA	NA
NA	sgSLC5A11_1	NA	NA	NA	NA
NA	sgSLC5A12_2	NA	NA	NA	NA
NA	sgSLC6A12_4	NA	NA	NA	NA
NA	sgSLC6A18_3	NA	NA	NA	NA
NA	sgSLC6A18_4	NA	NA	NA	NA
NA	sgSLC6A19_1	NA	NA	NA	NA
NA	sgSLC6A6_1	NA	NA	NA	NA
NA	sgSLC6A8_1	NA	NA	NA	NA
NA	sgSLC6A8_2	NA	NA	NA	NA
NA	sgSLC7A5_3	NA	NA	NA	NA
NA	sgSLC7A5_4	NA	NA	NA	NA
NA	sgSLC8A1_4	NA	NA	NA	NA
NA	sgSLC9A3R1_1	NA	NA	NA	NA
NA	sgSLC9A7_3	NA	NA	NA	NA
NA	sgSLC9B1_1	NA	NA	NA	NA
NA	sgSLC9B1_2	NA	NA	NA	NA
NA	sgSLC9B1_3	NA	NA	NA	NA
NA	sgSLCO1B3_2	NA	NA	NA	NA
NA	sgSLCO1B3_3	NA	NA	NA	NA
NA	sgSLCO1B3_4	NA	NA	NA	NA
NA	sgSLFN12L_2	NA	NA	NA	NA
NA	sgSLFN12L_4	NA	NA	NA	NA
NA	sgSLFN12_3	NA	NA	NA	NA
NA	sgSLFN13_3	NA	NA	NA	NA
NA	sgSLIRP_1	NA	NA	NA	NA
NA	sgSLITRK6_3	NA	NA	NA	NA
NA	sgSLMO1_4	NA	NA	NA	NA
NA	sgSLMO2_3	NA	NA	NA	NA
NA	sgSMAGP_3	NA	NA	NA	NA
NA	sgSMARCAD1_1	NA	NA	NA	NA
NA	sgSMARCD1_1	NA	NA	NA	NA
NA	sgSMARCE1_4	NA	NA	NA	NA
NA	sgSMCO2_2	NA	NA	NA	NA
NA	sgSMCO4_1	NA	NA	NA	NA
NA	sgSMCP_1	NA	NA	NA	NA
NA	sgSMG1_1	NA	NA	NA	NA
NA	sgSMIM10L1_3	NA	NA	NA	NA
NA	sgSMIM11_2	NA	NA	NA	NA
NA	sgSMIM12_3	NA	NA	NA	NA
NA	sgSMIM15_2	NA	NA	NA	NA
NA	sgSMIM8_3	NA	NA	NA	NA
NA	sgSMLR1_1	NA	NA	NA	NA
NA	sgSMN2_3	NA	NA	NA	NA
NA	sgSMPD4_2	NA	NA	NA	NA
NA	sgSMPD4_4	NA	NA	NA	NA
NA	sgSMR3A_3	NA	NA	NA	NA
NA	sgSMR3A_4	NA	NA	NA	NA
NA	sgSMR3B_4	NA	NA	NA	NA
NA	sgSMS_1	NA	NA	NA	NA
NA	sgSMS_4	NA	NA	NA	NA
NA	sgSMU1_2	NA	NA	NA	NA
NA	sgSMU1_4	NA	NA	NA	NA
NA	sgSMYD4_4	NA	NA	NA	NA
NA	sgSNAI1_2	NA	NA	NA	NA
NA	sgSNAPC1_4	NA	NA	NA	NA
NA	sgSNAPC4_1	NA	NA	NA	NA
NA	sgSNAPC4_3	NA	NA	NA	NA
NA	sgSNED1_1	NA	NA	NA	NA
NA	sgSNN_3	NA	NA	NA	NA
NA	sgSNRNP27_1	NA	NA	NA	NA
NA	sgSNRNP27_2	NA	NA	NA	NA
NA	sgSNRNP40_1	NA	NA	NA	NA
NA	sgSNRNP40_4	NA	NA	NA	NA
NA	sgSNRPA1_4	NA	NA	NA	NA
NA	sgSNRPB2_1	NA	NA	NA	NA
NA	sgSNRPB2_3	NA	NA	NA	NA
NA	sgSNRPB_2	NA	NA	NA	NA
NA	sgSNRPC_2	NA	NA	NA	NA
NA	sgSNRPC_3	NA	NA	NA	NA
NA	sgSNRPD1_1	NA	NA	NA	NA
NA	sgSNRPD2_3	NA	NA	NA	NA
NA	sgSNRPD2_4	NA	NA	NA	NA
NA	sgSNRPE_1	NA	NA	NA	NA
NA	sgSNRPE_2	NA	NA	NA	NA
NA	sgSNW1_1	NA	NA	NA	NA
NA	sgSNX19_1	NA	NA	NA	NA
NA	sgSNX25_4	NA	NA	NA	NA
NA	sgSNX29_2	NA	NA	NA	NA
NA	sgSNX29_3	NA	NA	NA	NA
NA	sgSNX30_3	NA	NA	NA	NA
NA	sgSNX5_3	NA	NA	NA	NA
NA	sgSNX6_1	NA	NA	NA	NA
NA	sgSNX6_3	NA	NA	NA	NA
NA	sgSNX7_3	NA	NA	NA	NA
NA	sgSOCS2_2	NA	NA	NA	NA
NA	sgSOCS5_1	NA	NA	NA	NA
NA	sgSOCS5_4	NA	NA	NA	NA
NA	sgSOCS6_3	NA	NA	NA	NA
NA	sgSOD1_4	NA	NA	NA	NA
NA	sgSOHLH1_2	NA	NA	NA	NA
NA	sgSORCS3_4	NA	NA	NA	NA
NA	sgSOWAHD_2	NA	NA	NA	NA
NA	sgSOWAHD_4	NA	NA	NA	NA
NA	sgSOX15_1	NA	NA	NA	NA
NA	sgSOX15_4	NA	NA	NA	NA
NA	sgSOX2_2	NA	NA	NA	NA
NA	sgSOX7_1	NA	NA	NA	NA
NA	sgSP140L_1	NA	NA	NA	NA
NA	sgSP140L_2	NA	NA	NA	NA
NA	sgSP140_2	NA	NA	NA	NA
NA	sgSP2_2	NA	NA	NA	NA
NA	sgSP3_1	NA	NA	NA	NA
NA	sgSP3_2	NA	NA	NA	NA
NA	sgSP3_3	NA	NA	NA	NA
NA	sgSPACA7_3	NA	NA	NA	NA
NA	sgSPANXB1_1	NA	NA	NA	NA
NA	sgSPANXN1_3	NA	NA	NA	NA
NA	sgSPANXN2_4	NA	NA	NA	NA
NA	sgSPANXN3_4	NA	NA	NA	NA
NA	sgSPANXN5_2	NA	NA	NA	NA
NA	sgSPANXN5_3	NA	NA	NA	NA
NA	sgSPATA18_2	NA	NA	NA	NA
NA	sgSPATA31A1_1	NA	NA	NA	NA
NA	sgSPATA31A1_3	NA	NA	NA	NA
NA	sgSPATA31A1_4	NA	NA	NA	NA
NA	sgSPATA31A3_1	NA	NA	NA	NA
NA	sgSPATA31A3_2	NA	NA	NA	NA
NA	sgSPATA31A6_1	NA	NA	NA	NA
NA	sgSPATA31A7_1	NA	NA	NA	NA
NA	sgSPATA31A7_2	NA	NA	NA	NA
NA	sgSPATA31A7_4	NA	NA	NA	NA
NA	sgSPATA31C1_2	NA	NA	NA	NA
NA	sgSPATA31C2_2	NA	NA	NA	NA
NA	sgSPATA31C2_4	NA	NA	NA	NA
NA	sgSPATA31D1_1	NA	NA	NA	NA
NA	sgSPATA31D1_2	NA	NA	NA	NA
NA	sgSPATA31D1_4	NA	NA	NA	NA
NA	sgSPATA31E1_3	NA	NA	NA	NA
NA	sgSPC25_4	NA	NA	NA	NA
NA	sgSPCS2_2	NA	NA	NA	NA
NA	sgSPDYE1_1	NA	NA	NA	NA
NA	sgSPDYE1_2	NA	NA	NA	NA
NA	sgSPDYE1_3	NA	NA	NA	NA
NA	sgSPDYE3_1	NA	NA	NA	NA
NA	sgSPDYE4_1	NA	NA	NA	NA
NA	sgSPDYE4_4	NA	NA	NA	NA
NA	sgSPDYE5_3	NA	NA	NA	NA
NA	sgSPIC_3	NA	NA	NA	NA
NA	sgSPIC_4	NA	NA	NA	NA
NA	sgSPIN2A_1	NA	NA	NA	NA
NA	sgSPIN2A_4	NA	NA	NA	NA
NA	sgSPIN2B_1	NA	NA	NA	NA
NA	sgSPINK13_4	NA	NA	NA	NA
NA	sgSPINK2_1	NA	NA	NA	NA
NA	sgSPINK9_3	NA	NA	NA	NA
NA	sgSPINT4_3	NA	NA	NA	NA
NA	sgSPOPL_2	NA	NA	NA	NA
NA	sgSPP2_4	NA	NA	NA	NA
NA	sgSPPL2A_1	NA	NA	NA	NA
NA	sgSPPL2A_3	NA	NA	NA	NA
NA	sgSPPL2A_4	NA	NA	NA	NA
NA	sgSPPL3_1	NA	NA	NA	NA
NA	sgSPRR1A_3	NA	NA	NA	NA
NA	sgSPRR1B_2	NA	NA	NA	NA
NA	sgSPRR1B_3	NA	NA	NA	NA
NA	sgSPRR1B_4	NA	NA	NA	NA
NA	sgSPRR2D_1	NA	NA	NA	NA
NA	sgSPRR2D_2	NA	NA	NA	NA
NA	sgSPRR2D_3	NA	NA	NA	NA
NA	sgSPRR2D_4	NA	NA	NA	NA
NA	sgSPRR2E_4	NA	NA	NA	NA
NA	sgSPRR2F_2	NA	NA	NA	NA
NA	sgSPRR2F_3	NA	NA	NA	NA
NA	sgSPRR2F_4	NA	NA	NA	NA
NA	sgSPRR4_1	NA	NA	NA	NA
NA	sgSPRR4_2	NA	NA	NA	NA
NA	sgSPRY1_2	NA	NA	NA	NA
NA	sgSPR_2	NA	NA	NA	NA
NA	sgSRD5A1_4	NA	NA	NA	NA
NA	sgSREBF1_3	NA	NA	NA	NA
NA	sgSREK1IP1_1	NA	NA	NA	NA
NA	sgSREK1IP1_2	NA	NA	NA	NA
NA	sgSREK1IP1_3	NA	NA	NA	NA
NA	sgSRGAP2B_2	NA	NA	NA	NA
NA	sgSRGAP2C_1	NA	NA	NA	NA
NA	sgSRGAP2_3	NA	NA	NA	NA
NA	sgSRP14_1	NA	NA	NA	NA
NA	sgSRP14_2	NA	NA	NA	NA
NA	sgSRP14_3	NA	NA	NA	NA
NA	sgSRP14_4	NA	NA	NA	NA
NA	sgSRP72_1	NA	NA	NA	NA
NA	sgSRP72_2	NA	NA	NA	NA
NA	sgSRP72_3	NA	NA	NA	NA
NA	sgSRPK2_2	NA	NA	NA	NA
NA	sgSRPK2_4	NA	NA	NA	NA
NA	sgSRPR_4	NA	NA	NA	NA
NA	sgSRRM1_1	NA	NA	NA	NA
NA	sgSRSF10_3	NA	NA	NA	NA
NA	sgSRSF10_4	NA	NA	NA	NA
NA	sgSRSF12_4	NA	NA	NA	NA
NA	sgSRSF3_1	NA	NA	NA	NA
NA	sgSRSF3_2	NA	NA	NA	NA
NA	sgSRSF3_3	NA	NA	NA	NA
NA	sgSRSF3_4	NA	NA	NA	NA
NA	sgSRSF9_2	NA	NA	NA	NA
NA	sgSRSF9_3	NA	NA	NA	NA
NA	sgSRY_2	NA	NA	NA	NA
NA	sgSS18L2_3	NA	NA	NA	NA
NA	sgSSBP3_3	NA	NA	NA	NA
NA	sgSSBP4_2	NA	NA	NA	NA
NA	sgSSBP4_4	NA	NA	NA	NA
NA	sgSSB_3	NA	NA	NA	NA
NA	sgSSR3_3	NA	NA	NA	NA
NA	sgSSR3_4	NA	NA	NA	NA
NA	sgSSU72_2	NA	NA	NA	NA
NA	sgSSX1_1	NA	NA	NA	NA
NA	sgSSX1_3	NA	NA	NA	NA
NA	sgSSX3_1	NA	NA	NA	NA
NA	sgSSX3_3	NA	NA	NA	NA
NA	sgSSX3_4	NA	NA	NA	NA
NA	sgSSX5_1	NA	NA	NA	NA
NA	sgSSX7_3	NA	NA	NA	NA
NA	sgSSX7_4	NA	NA	NA	NA
NA	sgST13_2	NA	NA	NA	NA
NA	sgST3GAL1_2	NA	NA	NA	NA
NA	sgST3GAL4_2	NA	NA	NA	NA
NA	sgST5_3	NA	NA	NA	NA
NA	sgSTAG3_1	NA	NA	NA	NA
NA	sgSTAG3_3	NA	NA	NA	NA
NA	sgSTAM_3	NA	NA	NA	NA
NA	sgSTAP1_1	NA	NA	NA	NA
NA	sgSTAP1_3	NA	NA	NA	NA
NA	sgSTARD7_1	NA	NA	NA	NA
NA	sgSTAT5A_3	NA	NA	NA	NA
NA	sgSTAT5A_4	NA	NA	NA	NA
NA	sgSTATH_3	NA	NA	NA	NA
NA	sgSTAU2_3	NA	NA	NA	NA
NA	sgSTEAP1B_3	NA	NA	NA	NA
NA	sgSTEAP1B_4	NA	NA	NA	NA
NA	sgSTEAP1_4	NA	NA	NA	NA
NA	sgSTEAP2_1	NA	NA	NA	NA
NA	sgSTIM2_3	NA	NA	NA	NA
NA	sgSTIP1_1	NA	NA	NA	NA
NA	sgSTIP1_3	NA	NA	NA	NA
NA	sgSTK24_3	NA	NA	NA	NA
NA	sgSTK32A_3	NA	NA	NA	NA
NA	sgSTK3_3	NA	NA	NA	NA
NA	sgSTK3_4	NA	NA	NA	NA
NA	sgSTK40_3	NA	NA	NA	NA
NA	sgSTK4_3	NA	NA	NA	NA
NA	sgSTMN1_1	NA	NA	NA	NA
NA	sgSTMN2_1	NA	NA	NA	NA
NA	sgSTMND1_1	NA	NA	NA	NA
NA	sgSTMND1_2	NA	NA	NA	NA
NA	sgSTON1_3	NA	NA	NA	NA
NA	sgSTPG1_2	NA	NA	NA	NA
NA	sgSTRA8_2	NA	NA	NA	NA
NA	sgSTRADB_2	NA	NA	NA	NA
NA	sgSTRADB_3	NA	NA	NA	NA
NA	sgSTRAP_2	NA	NA	NA	NA
NA	sgSTRAP_3	NA	NA	NA	NA
NA	sgSTX18_2	NA	NA	NA	NA
NA	sgSTX18_3	NA	NA	NA	NA
NA	sgSTX1A_1	NA	NA	NA	NA
NA	sgSTXBP4_2	NA	NA	NA	NA
NA	sgSTYXL1_4	NA	NA	NA	NA
NA	sgSUB1_2	NA	NA	NA	NA
NA	sgSUCLA2_1	NA	NA	NA	NA
NA	sgSUCLA2_3	NA	NA	NA	NA
NA	sgSUCLA2_4	NA	NA	NA	NA
NA	sgSUCLG2_3	NA	NA	NA	NA
NA	sgSUCLG2_4	NA	NA	NA	NA
NA	sgSUGCT_1	NA	NA	NA	NA
NA	sgSUGP1_1	NA	NA	NA	NA
NA	sgSUGT1_4	NA	NA	NA	NA
NA	sgSULF1_1	NA	NA	NA	NA
NA	sgSULF2_4	NA	NA	NA	NA
NA	sgSULT1A1_2	NA	NA	NA	NA
NA	sgSULT1A1_3	NA	NA	NA	NA
NA	sgSULT1A1_4	NA	NA	NA	NA
NA	sgSULT1A2_4	NA	NA	NA	NA
NA	sgSULT1C2_4	NA	NA	NA	NA
NA	sgSULT1C4_4	NA	NA	NA	NA
NA	sgSUMO2_2	NA	NA	NA	NA
NA	sgSUMO2_4	NA	NA	NA	NA
NA	sgSUMO4_3	NA	NA	NA	NA
NA	sgSUMO4_4	NA	NA	NA	NA
NA	sgSUPT16H_1	NA	NA	NA	NA
NA	sgSUPT20HL1_4	NA	NA	NA	NA
NA	sgSUPT20HL2_2	NA	NA	NA	NA
NA	sgSUPT4H1_1	NA	NA	NA	NA
NA	sgSUPT4H1_2	NA	NA	NA	NA
NA	sgSUPT4H1_3	NA	NA	NA	NA
NA	sgSUPT7L_3	NA	NA	NA	NA
NA	sgSUSD6_1	NA	NA	NA	NA
NA	sgSUV39H2_1	NA	NA	NA	NA
NA	sgSUZ12_3	NA	NA	NA	NA
NA	sgSVIL_3	NA	NA	NA	NA
NA	sgSVIP_1	NA	NA	NA	NA
NA	sgSYCE1_1	NA	NA	NA	NA
NA	sgSYNCRIP_3	NA	NA	NA	NA
NA	sgSYNCRIP_4	NA	NA	NA	NA
NA	sgSYNC_2	NA	NA	NA	NA
NA	sgSYNDIG1L_4	NA	NA	NA	NA
NA	sgSYNGR2_1	NA	NA	NA	NA
NA	sgSYNGR2_2	NA	NA	NA	NA
NA	sgSYNGR2_4	NA	NA	NA	NA
NA	sgSYNGR3_1	NA	NA	NA	NA
NA	sgSYT10_4	NA	NA	NA	NA
NA	sgSYT15_1	NA	NA	NA	NA
NA	sgSYT15_2	NA	NA	NA	NA
NA	sgSYT5_3	NA	NA	NA	NA
NA	sgTAAR2_4	NA	NA	NA	NA
NA	sgTAAR6_1	NA	NA	NA	NA
NA	sgTAAR8_4	NA	NA	NA	NA
NA	sgTACC1_1	NA	NA	NA	NA
NA	sgTAF1L_3	NA	NA	NA	NA
NA	sgTAF1L_4	NA	NA	NA	NA
NA	sgTAF1_4	NA	NA	NA	NA
NA	sgTAF7L_3	NA	NA	NA	NA
NA	sgTAF9B_4	NA	NA	NA	NA
NA	sgTAF9_1	NA	NA	NA	NA
NA	sgTAF9_2	NA	NA	NA	NA
NA	sgTAF9_3	NA	NA	NA	NA
NA	sgTAGLN2_1	NA	NA	NA	NA
NA	sgTAGLN2_3	NA	NA	NA	NA
NA	sgTAL2_3	NA	NA	NA	NA
NA	sgTANC2_1	NA	NA	NA	NA
NA	sgTAOK1_2	NA	NA	NA	NA
NA	sgTAP2_3	NA	NA	NA	NA
NA	sgTAPBPL_1	NA	NA	NA	NA
NA	sgTARBP2_1	NA	NA	NA	NA
NA	sgTARBP2_2	NA	NA	NA	NA
NA	sgTARDBP_1	NA	NA	NA	NA
NA	sgTARDBP_2	NA	NA	NA	NA
NA	sgTARDBP_3	NA	NA	NA	NA
NA	sgTARDBP_4	NA	NA	NA	NA
NA	sgTARSL2_4	NA	NA	NA	NA
NA	sgTAS2R13_4	NA	NA	NA	NA
NA	sgTAS2R14_1	NA	NA	NA	NA
NA	sgTAS2R19_1	NA	NA	NA	NA
NA	sgTAS2R19_4	NA	NA	NA	NA
NA	sgTAS2R30_2	NA	NA	NA	NA
NA	sgTAS2R30_4	NA	NA	NA	NA
NA	sgTAS2R31_1	NA	NA	NA	NA
NA	sgTAS2R31_2	NA	NA	NA	NA
NA	sgTAS2R31_4	NA	NA	NA	NA
NA	sgTAS2R39_4	NA	NA	NA	NA
NA	sgTAS2R50_4	NA	NA	NA	NA
NA	sgTAS2R9_4	NA	NA	NA	NA
NA	sgTASP1_1	NA	NA	NA	NA
NA	sgTATDN1_2	NA	NA	NA	NA
NA	sgTBC1D10A_2	NA	NA	NA	NA
NA	sgTBC1D22B_3	NA	NA	NA	NA
NA	sgTBC1D26_1	NA	NA	NA	NA
NA	sgTBC1D26_2	NA	NA	NA	NA
NA	sgTBC1D28_3	NA	NA	NA	NA
NA	sgTBC1D28_4	NA	NA	NA	NA
NA	sgTBC1D31_4	NA	NA	NA	NA
NA	sgTBC1D32_1	NA	NA	NA	NA
NA	sgTBC1D3F_4	NA	NA	NA	NA
NA	sgTBC1D3_3	NA	NA	NA	NA
NA	sgTBCA_3	NA	NA	NA	NA
NA	sgTBCA_4	NA	NA	NA	NA
NA	sgTBCCD1_1	NA	NA	NA	NA
NA	sgTBCK_3	NA	NA	NA	NA
NA	sgTBL1XR1_3	NA	NA	NA	NA
NA	sgTBL1X_1	NA	NA	NA	NA
NA	sgTBL1Y_3	NA	NA	NA	NA
NA	sgTBL3_1	NA	NA	NA	NA
NA	sgTBX19_2	NA	NA	NA	NA
NA	sgTC2N_1	NA	NA	NA	NA
NA	sgTC2N_2	NA	NA	NA	NA
NA	sgTCEAL2_1	NA	NA	NA	NA
NA	sgTCEAL2_3	NA	NA	NA	NA
NA	sgTCEAL3_1	NA	NA	NA	NA
NA	sgTCEAL3_2	NA	NA	NA	NA
NA	sgTCEAL3_4	NA	NA	NA	NA
NA	sgTCEAL5_1	NA	NA	NA	NA
NA	sgTCEAL5_2	NA	NA	NA	NA
NA	sgTCEAL5_4	NA	NA	NA	NA
NA	sgTCEAL6_1	NA	NA	NA	NA
NA	sgTCEAL6_2	NA	NA	NA	NA
NA	sgTCEAL6_4	NA	NA	NA	NA
NA	sgTCEAL8_1	NA	NA	NA	NA
NA	sgTCEANC_3	NA	NA	NA	NA
NA	sgTCEB1_3	NA	NA	NA	NA
NA	sgTCEB2_2	NA	NA	NA	NA
NA	sgTCEB2_4	NA	NA	NA	NA
NA	sgTCF19_2	NA	NA	NA	NA
NA	sgTCF24_4	NA	NA	NA	NA
NA	sgTCP10L_1	NA	NA	NA	NA
NA	sgTCP1_3	NA	NA	NA	NA
NA	sgTCP1_4	NA	NA	NA	NA
NA	sgTDGF1_1	NA	NA	NA	NA
NA	sgTDGF1_2	NA	NA	NA	NA
NA	sgTDGF1_3	NA	NA	NA	NA
NA	sgTDRD10_3	NA	NA	NA	NA
NA	sgTDRD5_4	NA	NA	NA	NA
NA	sgTEAD2_1	NA	NA	NA	NA
NA	sgTECR_4	NA	NA	NA	NA
NA	sgTEFM_4	NA	NA	NA	NA
NA	sgTEF_2	NA	NA	NA	NA
NA	sgTEF_3	NA	NA	NA	NA
NA	sgTEF_4	NA	NA	NA	NA
NA	sgTEKT4_3	NA	NA	NA	NA
NA	sgTEN1_1	NA	NA	NA	NA
NA	sgTENM3_4	NA	NA	NA	NA
NA	sgTEP1_1	NA	NA	NA	NA
NA	sgTERF1_1	NA	NA	NA	NA
NA	sgTERF1_3	NA	NA	NA	NA
NA	sgTERF1_4	NA	NA	NA	NA
NA	sgTEX22_2	NA	NA	NA	NA
NA	sgTEX37_3	NA	NA	NA	NA
NA	sgTFAM_2	NA	NA	NA	NA
NA	sgTFB2M_3	NA	NA	NA	NA
NA	sgTFDP1_1	NA	NA	NA	NA
NA	sgTFDP1_2	NA	NA	NA	NA
NA	sgTFDP1_3	NA	NA	NA	NA
NA	sgTFDP1_4	NA	NA	NA	NA
NA	sgTFDP3_2	NA	NA	NA	NA
NA	sgTFF1_4	NA	NA	NA	NA
NA	sgTGFB2_1	NA	NA	NA	NA
NA	sgTGFBR2_3	NA	NA	NA	NA
NA	sgTGIF1_1	NA	NA	NA	NA
NA	sgTGIF1_4	NA	NA	NA	NA
NA	sgTGIF2LX_4	NA	NA	NA	NA
NA	sgTGIF2_1	NA	NA	NA	NA
NA	sgTHEM4_1	NA	NA	NA	NA
NA	sgTHEM5_1	NA	NA	NA	NA
NA	sgTHOC1_1	NA	NA	NA	NA
NA	sgTHRAP3_1	NA	NA	NA	NA
NA	sgTHRA_3	NA	NA	NA	NA
NA	sgTHUMPD3_1	NA	NA	NA	NA
NA	sgTHUMPD3_2	NA	NA	NA	NA
NA	sgTIFAB_3	NA	NA	NA	NA
NA	sgTIGD1_1	NA	NA	NA	NA
NA	sgTIGD1_3	NA	NA	NA	NA
NA	sgTIMM17A_3	NA	NA	NA	NA
NA	sgTIMM17B_3	NA	NA	NA	NA
NA	sgTIMM23B_2	NA	NA	NA	NA
NA	sgTIMM23B_3	NA	NA	NA	NA
NA	sgTIMM23B_4	NA	NA	NA	NA
NA	sgTIMM23_2	NA	NA	NA	NA
NA	sgTIMM23_4	NA	NA	NA	NA
NA	sgTIMM8A_2	NA	NA	NA	NA
NA	sgTIMM8B_1	NA	NA	NA	NA
NA	sgTIMM9_2	NA	NA	NA	NA
NA	sgTIMP2_1	NA	NA	NA	NA
NA	sgTIMP3_3	NA	NA	NA	NA
NA	sgTIMP4_3	NA	NA	NA	NA
NA	sgTIPIN_1	NA	NA	NA	NA
NA	sgTIPIN_2	NA	NA	NA	NA
NA	sgTJAP1_2	NA	NA	NA	NA
NA	sgTK1_1	NA	NA	NA	NA
NA	sgTLK1_2	NA	NA	NA	NA
NA	sgTLK2_1	NA	NA	NA	NA
NA	sgTLR10_1	NA	NA	NA	NA
NA	sgTLR4_2	NA	NA	NA	NA
NA	sgTMA16_2	NA	NA	NA	NA
NA	sgTMA16_4	NA	NA	NA	NA
NA	sgTMA7_2	NA	NA	NA	NA
NA	sgTMC1_3	NA	NA	NA	NA
NA	sgTMC6_4	NA	NA	NA	NA
NA	sgTMCC3_1	NA	NA	NA	NA
NA	sgTMCO5A_3	NA	NA	NA	NA
NA	sgTMED10_3	NA	NA	NA	NA
NA	sgTMED2_2	NA	NA	NA	NA
NA	sgTMED2_4	NA	NA	NA	NA
NA	sgTMED6_4	NA	NA	NA	NA
NA	sgTMEM101_1	NA	NA	NA	NA
NA	sgTMEM132B_3	NA	NA	NA	NA
NA	sgTMEM132C_2	NA	NA	NA	NA
NA	sgTMEM135_2	NA	NA	NA	NA
NA	sgTMEM14B_2	NA	NA	NA	NA
NA	sgTMEM14C_1	NA	NA	NA	NA
NA	sgTMEM14C_3	NA	NA	NA	NA
NA	sgTMEM160_4	NA	NA	NA	NA
NA	sgTMEM161B_1	NA	NA	NA	NA
NA	sgTMEM161B_2	NA	NA	NA	NA
NA	sgTMEM161B_4	NA	NA	NA	NA
NA	sgTMEM167A_3	NA	NA	NA	NA
NA	sgTMEM175_4	NA	NA	NA	NA
NA	sgTMEM176A_2	NA	NA	NA	NA
NA	sgTMEM177_3	NA	NA	NA	NA
NA	sgTMEM183A_2	NA	NA	NA	NA
NA	sgTMEM184C_2	NA	NA	NA	NA
NA	sgTMEM189_4	NA	NA	NA	NA
NA	sgTMEM191C_2	NA	NA	NA	NA
NA	sgTMEM209_1	NA	NA	NA	NA
NA	sgTMEM216_3	NA	NA	NA	NA
NA	sgTMEM219_1	NA	NA	NA	NA
NA	sgTMEM221_3	NA	NA	NA	NA
NA	sgTMEM230_4	NA	NA	NA	NA
NA	sgTMEM242_2	NA	NA	NA	NA
NA	sgTMEM242_3	NA	NA	NA	NA
NA	sgTMEM244_1	NA	NA	NA	NA
NA	sgTMEM251_4	NA	NA	NA	NA
NA	sgTMEM254_4	NA	NA	NA	NA
NA	sgTMEM257_1	NA	NA	NA	NA
NA	sgTMEM261_3	NA	NA	NA	NA
NA	sgTMEM45A_3	NA	NA	NA	NA
NA	sgTMEM50B_3	NA	NA	NA	NA
NA	sgTMEM60_4	NA	NA	NA	NA
NA	sgTMEM69_1	NA	NA	NA	NA
NA	sgTMEM69_2	NA	NA	NA	NA
NA	sgTMEM69_3	NA	NA	NA	NA
NA	sgTMEM74B_3	NA	NA	NA	NA
NA	sgTMEM86A_2	NA	NA	NA	NA
NA	sgTMEM86A_3	NA	NA	NA	NA
NA	sgTMEM8B_2	NA	NA	NA	NA
NA	sgTMEM97_2	NA	NA	NA	NA
NA	sgTMEM98_4	NA	NA	NA	NA
NA	sgTMPRSS3_3	NA	NA	NA	NA
NA	sgTMPRSS4_2	NA	NA	NA	NA
NA	sgTMSB10_1	NA	NA	NA	NA
NA	sgTMSB10_2	NA	NA	NA	NA
NA	sgTMSB10_3	NA	NA	NA	NA
NA	sgTMSB10_4	NA	NA	NA	NA
NA	sgTMSB15A_2	NA	NA	NA	NA
NA	sgTMSB15A_3	NA	NA	NA	NA
NA	sgTMSB15B_1	NA	NA	NA	NA
NA	sgTMSB15B_2	NA	NA	NA	NA
NA	sgTMSB15B_3	NA	NA	NA	NA
NA	sgTMSB4Y_1	NA	NA	NA	NA
NA	sgTMSB4Y_4	NA	NA	NA	NA
NA	sgTMTC4_4	NA	NA	NA	NA
NA	sgTMX1_1	NA	NA	NA	NA
NA	sgTMX2_2	NA	NA	NA	NA
NA	sgTMX4_1	NA	NA	NA	NA
NA	sgTNFAIP1_2	NA	NA	NA	NA
NA	sgTNFRSF10A_1	NA	NA	NA	NA
NA	sgTNFRSF10A_2	NA	NA	NA	NA
NA	sgTNFRSF10A_4	NA	NA	NA	NA
NA	sgTNFRSF10C_3	NA	NA	NA	NA
NA	sgTNFRSF10C_4	NA	NA	NA	NA
NA	sgTNFRSF13B_3	NA	NA	NA	NA
NA	sgTNFSF12_3	NA	NA	NA	NA
NA	sgTNFSF8_3	NA	NA	NA	NA
NA	sgTNIP2_3	NA	NA	NA	NA
NA	sgTNKS_1	NA	NA	NA	NA
NA	sgTNNI1_1	NA	NA	NA	NA
NA	sgTNNT3_2	NA	NA	NA	NA
NA	sgTNN_3	NA	NA	NA	NA
NA	sgTNPO1_2	NA	NA	NA	NA
NA	sgTNPO1_3	NA	NA	NA	NA
NA	sgTNPO1_4	NA	NA	NA	NA
NA	sgTNS1_2	NA	NA	NA	NA
NA	sgTNS4_1	NA	NA	NA	NA
NA	sgTNXB_2	NA	NA	NA	NA
NA	sgTOB2_1	NA	NA	NA	NA
NA	sgTOB2_4	NA	NA	NA	NA
NA	sgTOMM22_1	NA	NA	NA	NA
NA	sgTOMM40_1	NA	NA	NA	NA
NA	sgTOMM5_3	NA	NA	NA	NA
NA	sgTONSL_4	NA	NA	NA	NA
NA	sgTOR1AIP2_4	NA	NA	NA	NA
NA	sgTOR2A_3	NA	NA	NA	NA
NA	sgTOR3A_3	NA	NA	NA	NA
NA	sgTP53TG5_1	NA	NA	NA	NA
NA	sgTP53TG5_2	NA	NA	NA	NA
NA	sgTPD52L2_3	NA	NA	NA	NA
NA	sgTPI1_2	NA	NA	NA	NA
NA	sgTPI1_4	NA	NA	NA	NA
NA	sgTPM3_1	NA	NA	NA	NA
NA	sgTPM3_3	NA	NA	NA	NA
NA	sgTPM4_1	NA	NA	NA	NA
NA	sgTPMT_1	NA	NA	NA	NA
NA	sgTPRG1_3	NA	NA	NA	NA
NA	sgTPRX1_2	NA	NA	NA	NA
NA	sgTPSAB1_1	NA	NA	NA	NA
NA	sgTPSAB1_3	NA	NA	NA	NA
NA	sgTPSAB1_4	NA	NA	NA	NA
NA	sgTPSD1_1	NA	NA	NA	NA
NA	sgTPSD1_3	NA	NA	NA	NA
NA	sgTPT1_4	NA	NA	NA	NA
NA	sgTPTE2_3	NA	NA	NA	NA
NA	sgTRA2A_1	NA	NA	NA	NA
NA	sgTRAF6_4	NA	NA	NA	NA
NA	sgTRAIP_2	NA	NA	NA	NA
NA	sgTRAPPC13_2	NA	NA	NA	NA
NA	sgTRAPPC2L_4	NA	NA	NA	NA
NA	sgTRDMT1_4	NA	NA	NA	NA
NA	sgTREM2_4	NA	NA	NA	NA
NA	sgTREML2_3	NA	NA	NA	NA
NA	sgTRIM16_4	NA	NA	NA	NA
NA	sgTRIM2_4	NA	NA	NA	NA
NA	sgTRIM43B_1	NA	NA	NA	NA
NA	sgTRIM43B_3	NA	NA	NA	NA
NA	sgTRIM43_1	NA	NA	NA	NA
NA	sgTRIM43_2	NA	NA	NA	NA
NA	sgTRIM43_3	NA	NA	NA	NA
NA	sgTRIM48_4	NA	NA	NA	NA
NA	sgTRIM49B_4	NA	NA	NA	NA
NA	sgTRIM50_2	NA	NA	NA	NA
NA	sgTRIM51_1	NA	NA	NA	NA
NA	sgTRIM51_2	NA	NA	NA	NA
NA	sgTRIM60_3	NA	NA	NA	NA
NA	sgTRIM61_2	NA	NA	NA	NA
NA	sgTRIM64C_1	NA	NA	NA	NA
NA	sgTRIM64C_3	NA	NA	NA	NA
NA	sgTRIM64C_4	NA	NA	NA	NA
NA	sgTRIM64_3	NA	NA	NA	NA
NA	sgTRIM71_2	NA	NA	NA	NA
NA	sgTRIM74_2	NA	NA	NA	NA
NA	sgTRIM77_1	NA	NA	NA	NA
NA	sgTRIM77_2	NA	NA	NA	NA
NA	sgTRIM77_4	NA	NA	NA	NA
NA	sgTRIP12_1	NA	NA	NA	NA
NA	sgTRIT1_2	NA	NA	NA	NA
NA	sgTRMT10B_1	NA	NA	NA	NA
NA	sgTRMT112_1	NA	NA	NA	NA
NA	sgTRMT11_3	NA	NA	NA	NA
NA	sgTRMT11_4	NA	NA	NA	NA
NA	sgTRMT13_2	NA	NA	NA	NA
NA	sgTRMT1_1	NA	NA	NA	NA
NA	sgTRMT61A_3	NA	NA	NA	NA
NA	sgTRNT1_3	NA	NA	NA	NA
NA	sgTRPC3_4	NA	NA	NA	NA
NA	sgTRPC5OS_3	NA	NA	NA	NA
NA	sgTRPV1_2	NA	NA	NA	NA
NA	sgTSC22D1_2	NA	NA	NA	NA
NA	sgTSHB_1	NA	NA	NA	NA
NA	sgTSPAN10_1	NA	NA	NA	NA
NA	sgTSPAN5_3	NA	NA	NA	NA
NA	sgTSPYL1_1	NA	NA	NA	NA
NA	sgTTC30A_2	NA	NA	NA	NA
NA	sgTTC30A_3	NA	NA	NA	NA
NA	sgTTC30B_1	NA	NA	NA	NA
NA	sgTTC30B_4	NA	NA	NA	NA
NA	sgTTC37_3	NA	NA	NA	NA
NA	sgTTC3_1	NA	NA	NA	NA
NA	sgTTC3_3	NA	NA	NA	NA
NA	sgTTC4_1	NA	NA	NA	NA
NA	sgTTC4_2	NA	NA	NA	NA
NA	sgTTC4_3	NA	NA	NA	NA
NA	sgTTC5_1	NA	NA	NA	NA
NA	sgTTC5_4	NA	NA	NA	NA
NA	sgTTC7B_1	NA	NA	NA	NA
NA	sgTTI2_2	NA	NA	NA	NA
NA	sgTTL_3	NA	NA	NA	NA
NA	sgTUBA1A_3	NA	NA	NA	NA
NA	sgTUBA1C_2	NA	NA	NA	NA
NA	sgTUBA1C_4	NA	NA	NA	NA
NA	sgTUBA3C_3	NA	NA	NA	NA
NA	sgTUBA3C_4	NA	NA	NA	NA
NA	sgTUBA3D_1	NA	NA	NA	NA
NA	sgTUBA3D_2	NA	NA	NA	NA
NA	sgTUBA3D_3	NA	NA	NA	NA
NA	sgTUBA3D_4	NA	NA	NA	NA
NA	sgTUBA3E_1	NA	NA	NA	NA
NA	sgTUBA3E_2	NA	NA	NA	NA
NA	sgTUBA3E_3	NA	NA	NA	NA
NA	sgTUBA3E_4	NA	NA	NA	NA
NA	sgTUBA8_2	NA	NA	NA	NA
NA	sgTUBAL3_1	NA	NA	NA	NA
NA	sgTUBB1_4	NA	NA	NA	NA
NA	sgTUBB2A_2	NA	NA	NA	NA
NA	sgTUBB2B_3	NA	NA	NA	NA
NA	sgTUBB3_1	NA	NA	NA	NA
NA	sgTUBB3_3	NA	NA	NA	NA
NA	sgTUBB3_4	NA	NA	NA	NA
NA	sgTUBB4A_1	NA	NA	NA	NA
NA	sgTUBB4A_3	NA	NA	NA	NA
NA	sgTUBB4B_1	NA	NA	NA	NA
NA	sgTUBB4B_2	NA	NA	NA	NA
NA	sgTUBB4B_3	NA	NA	NA	NA
NA	sgTUBB6_1	NA	NA	NA	NA
NA	sgTUBB8_2	NA	NA	NA	NA
NA	sgTUBB_1	NA	NA	NA	NA
NA	sgTUBB_2	NA	NA	NA	NA
NA	sgTUBB_4	NA	NA	NA	NA
NA	sgTUBE1_2	NA	NA	NA	NA
NA	sgTUBE1_4	NA	NA	NA	NA
NA	sgTUBG1_2	NA	NA	NA	NA
NA	sgTUBG1_3	NA	NA	NA	NA
NA	sgTUBG2_1	NA	NA	NA	NA
NA	sgTUBG2_3	NA	NA	NA	NA
NA	sgTUBGCP6_4	NA	NA	NA	NA
NA	sgTUSC1_4	NA	NA	NA	NA
NA	sgTVP23B_3	NA	NA	NA	NA
NA	sgTVP23C_3	NA	NA	NA	NA
NA	sgTWF2_4	NA	NA	NA	NA
NA	sgTWIST1_4	NA	NA	NA	NA
NA	sgTWISTNB_3	NA	NA	NA	NA
NA	sgTXN2_3	NA	NA	NA	NA
NA	sgTXNDC11_1	NA	NA	NA	NA
NA	sgTXNDC2_3	NA	NA	NA	NA
NA	sgTXNDC2_4	NA	NA	NA	NA
NA	sgTXNDC9_1	NA	NA	NA	NA
NA	sgTXNDC9_3	NA	NA	NA	NA
NA	sgTYRO3_3	NA	NA	NA	NA
NA	sgTYW1_3	NA	NA	NA	NA
NA	sgTYW1_4	NA	NA	NA	NA
NA	sgT_2	NA	NA	NA	NA
NA	sgU2AF1_4	NA	NA	NA	NA
NA	sgU2AF2_4	NA	NA	NA	NA
NA	sgUAP1_1	NA	NA	NA	NA
NA	sgUBA2_3	NA	NA	NA	NA
NA	sgUBA52_2	NA	NA	NA	NA
NA	sgUBA52_3	NA	NA	NA	NA
NA	sgUBALD1_2	NA	NA	NA	NA
NA	sgUBB_2	NA	NA	NA	NA
NA	sgUBB_3	NA	NA	NA	NA
NA	sgUBC_1	NA	NA	NA	NA
NA	sgUBC_4	NA	NA	NA	NA
NA	sgUBE2C_2	NA	NA	NA	NA
NA	sgUBE2C_4	NA	NA	NA	NA
NA	sgUBE2D2_1	NA	NA	NA	NA
NA	sgUBE2D3_1	NA	NA	NA	NA
NA	sgUBE2D3_4	NA	NA	NA	NA
NA	sgUBE2E3_2	NA	NA	NA	NA
NA	sgUBE2E3_3	NA	NA	NA	NA
NA	sgUBE2G2_4	NA	NA	NA	NA
NA	sgUBE2H_4	NA	NA	NA	NA
NA	sgUBE2L3_1	NA	NA	NA	NA
NA	sgUBE2L3_3	NA	NA	NA	NA
NA	sgUBE2M_3	NA	NA	NA	NA
NA	sgUBE2N_2	NA	NA	NA	NA
NA	sgUBE2N_4	NA	NA	NA	NA
NA	sgUBE2Q2_3	NA	NA	NA	NA
NA	sgUBE2W_4	NA	NA	NA	NA
NA	sgUBE3A_1	NA	NA	NA	NA
NA	sgUBFD1_1	NA	NA	NA	NA
NA	sgUBFD1_3	NA	NA	NA	NA
NA	sgUBQLN3_3	NA	NA	NA	NA
NA	sgUBQLN4_4	NA	NA	NA	NA
NA	sgUBR5_4	NA	NA	NA	NA
NA	sgUBTD2_3	NA	NA	NA	NA
NA	sgUBTFL1_1	NA	NA	NA	NA
NA	sgUBTFL1_3	NA	NA	NA	NA
NA	sgUBTFL1_4	NA	NA	NA	NA
NA	sgUBXN2B_1	NA	NA	NA	NA
NA	sgUCHL1_3	NA	NA	NA	NA
NA	sgUCN2_4	NA	NA	NA	NA
NA	sgUFD1L_1	NA	NA	NA	NA
NA	sgUFSP1_2	NA	NA	NA	NA
NA	sgUGT2A3_1	NA	NA	NA	NA
NA	sgUGT2A3_3	NA	NA	NA	NA
NA	sgUGT2B10_1	NA	NA	NA	NA
NA	sgUGT2B11_1	NA	NA	NA	NA
NA	sgUGT2B11_3	NA	NA	NA	NA
NA	sgUGT2B15_2	NA	NA	NA	NA
NA	sgUGT2B15_3	NA	NA	NA	NA
NA	sgUGT2B15_4	NA	NA	NA	NA
NA	sgUGT2B17_3	NA	NA	NA	NA
NA	sgUGT2B17_4	NA	NA	NA	NA
NA	sgUGT2B4_2	NA	NA	NA	NA
NA	sgUGT2B7_3	NA	NA	NA	NA
NA	sgUGT2B7_4	NA	NA	NA	NA
NA	sgUGT3A2_2	NA	NA	NA	NA
NA	sgUIMC1_2	NA	NA	NA	NA
NA	sgUIMC1_4	NA	NA	NA	NA
NA	sgULBP1_1	NA	NA	NA	NA
NA	sgULBP2_2	NA	NA	NA	NA
NA	sgULBP2_4	NA	NA	NA	NA
NA	sgULK2_4	NA	NA	NA	NA
NA	sgULK4_3	NA	NA	NA	NA
NA	sgUMODL1_4	NA	NA	NA	NA
NA	sgUNG_3	NA	NA	NA	NA
NA	sgUPK3A_2	NA	NA	NA	NA
NA	sgUQCR10_3	NA	NA	NA	NA
NA	sgUQCRB_2	NA	NA	NA	NA
NA	sgUQCRB_4	NA	NA	NA	NA
NA	sgUQCRFS1_2	NA	NA	NA	NA
NA	sgUQCRFS1_3	NA	NA	NA	NA
NA	sgUQCRFS1_4	NA	NA	NA	NA
NA	sgUSF1_4	NA	NA	NA	NA
NA	sgUSP10_1	NA	NA	NA	NA
NA	sgUSP10_2	NA	NA	NA	NA
NA	sgUSP12_2	NA	NA	NA	NA
NA	sgUSP12_3	NA	NA	NA	NA
NA	sgUSP15_1	NA	NA	NA	NA
NA	sgUSP17L10_1	NA	NA	NA	NA
NA	sgUSP17L10_3	NA	NA	NA	NA
NA	sgUSP17L10_4	NA	NA	NA	NA
NA	sgUSP17L11_2	NA	NA	NA	NA
NA	sgUSP17L12_3	NA	NA	NA	NA
NA	sgUSP17L13_1	NA	NA	NA	NA
NA	sgUSP17L13_2	NA	NA	NA	NA
NA	sgUSP17L13_3	NA	NA	NA	NA
NA	sgUSP17L13_4	NA	NA	NA	NA
NA	sgUSP17L17_1	NA	NA	NA	NA
NA	sgUSP17L17_4	NA	NA	NA	NA
NA	sgUSP17L19_3	NA	NA	NA	NA
NA	sgUSP17L1_3	NA	NA	NA	NA
NA	sgUSP17L1_4	NA	NA	NA	NA
NA	sgUSP17L21_1	NA	NA	NA	NA
NA	sgUSP17L21_2	NA	NA	NA	NA
NA	sgUSP17L21_3	NA	NA	NA	NA
NA	sgUSP17L3_3	NA	NA	NA	NA
NA	sgUSP18_3	NA	NA	NA	NA
NA	sgUSP18_4	NA	NA	NA	NA
NA	sgUSP22_4	NA	NA	NA	NA
NA	sgUSP27X_3	NA	NA	NA	NA
NA	sgUSP40_2	NA	NA	NA	NA
NA	sgUSP45_1	NA	NA	NA	NA
NA	sgUSP51_1	NA	NA	NA	NA
NA	sgUSP6_1	NA	NA	NA	NA
NA	sgUSP7_1	NA	NA	NA	NA
NA	sgUSP7_2	NA	NA	NA	NA
NA	sgUSP8_1	NA	NA	NA	NA
NA	sgUSP8_3	NA	NA	NA	NA
NA	sgUSP9X_4	NA	NA	NA	NA
NA	sgUTP14C_4	NA	NA	NA	NA
NA	sgUTRN_4	NA	NA	NA	NA
NA	sgUTY_1	NA	NA	NA	NA
NA	sgUXS1_3	NA	NA	NA	NA
NA	sgVANGL1_2	NA	NA	NA	NA
NA	sgVAPA_2	NA	NA	NA	NA
NA	sgVAPA_3	NA	NA	NA	NA
NA	sgVASH1_2	NA	NA	NA	NA
NA	sgVCX2_4	NA	NA	NA	NA
NA	sgVCX3B_2	NA	NA	NA	NA
NA	sgVCX_4	NA	NA	NA	NA
NA	sgVDAC1_3	NA	NA	NA	NA
NA	sgVDAC1_4	NA	NA	NA	NA
NA	sgVDAC3_3	NA	NA	NA	NA
NA	sgVENTX_2	NA	NA	NA	NA
NA	sgVENTX_4	NA	NA	NA	NA
NA	sgVEZF1_2	NA	NA	NA	NA
NA	sgVEZF1_3	NA	NA	NA	NA
NA	sgVEZF1_4	NA	NA	NA	NA
NA	sgVEZT_3	NA	NA	NA	NA
NA	sgVGLL2_2	NA	NA	NA	NA
NA	sgVGLL4_2	NA	NA	NA	NA
NA	sgVKORC1L1_2	NA	NA	NA	NA
NA	sgVKORC1_1	NA	NA	NA	NA
NA	sgVLDLR_3	NA	NA	NA	NA
NA	sgVMA21_4	NA	NA	NA	NA
NA	sgVMAC_3	NA	NA	NA	NA
NA	sgVN1R2_1	NA	NA	NA	NA
NA	sgVN1R2_3	NA	NA	NA	NA
NA	sgVN1R4_2	NA	NA	NA	NA
NA	sgVN1R5_1	NA	NA	NA	NA
NA	sgVOPP1_2	NA	NA	NA	NA
NA	sgVPS11_3	NA	NA	NA	NA
NA	sgVPS25_2	NA	NA	NA	NA
NA	sgVPS26A_2	NA	NA	NA	NA
NA	sgVPS35_1	NA	NA	NA	NA
NA	sgVPS35_2	NA	NA	NA	NA
NA	sgVPS35_3	NA	NA	NA	NA
NA	sgVPS37A_4	NA	NA	NA	NA
NA	sgVSIG1_2	NA	NA	NA	NA
NA	sgVSIG8_4	NA	NA	NA	NA
NA	sgVSNL1_2	NA	NA	NA	NA
NA	sgVSNL1_3	NA	NA	NA	NA
NA	sgVSTM1_3	NA	NA	NA	NA
NA	sgVSX2_1	NA	NA	NA	NA
NA	sgVTCN1_2	NA	NA	NA	NA
NA	sgVTCN1_4	NA	NA	NA	NA
NA	sgVTI1A_3	NA	NA	NA	NA
NA	sgVTI1B_2	NA	NA	NA	NA
NA	sgVTI1B_4	NA	NA	NA	NA
NA	sgVWA5A_2	NA	NA	NA	NA
NA	sgVWF_2	NA	NA	NA	NA
NA	sgWASF2_2	NA	NA	NA	NA
NA	sgWASL_3	NA	NA	NA	NA
NA	sgWBP11_1	NA	NA	NA	NA
NA	sgWBP1L_4	NA	NA	NA	NA
NA	sgWBP1_1	NA	NA	NA	NA
NA	sgWBP1_2	NA	NA	NA	NA
NA	sgWBP1_4	NA	NA	NA	NA
NA	sgWBP5_1	NA	NA	NA	NA
NA	sgWBP5_2	NA	NA	NA	NA
NA	sgWBSCR28_2	NA	NA	NA	NA
NA	sgWDR12_1	NA	NA	NA	NA
NA	sgWDR12_3	NA	NA	NA	NA
NA	sgWDR13_3	NA	NA	NA	NA
NA	sgWDR17_4	NA	NA	NA	NA
NA	sgWDR31_3	NA	NA	NA	NA
NA	sgWDR38_2	NA	NA	NA	NA
NA	sgWDR38_3	NA	NA	NA	NA
NA	sgWDR45B_2	NA	NA	NA	NA
NA	sgWDR45B_3	NA	NA	NA	NA
NA	sgWDR45B_4	NA	NA	NA	NA
NA	sgWDR45_1	NA	NA	NA	NA
NA	sgWDR45_3	NA	NA	NA	NA
NA	sgWDR4_3	NA	NA	NA	NA
NA	sgWDR55_1	NA	NA	NA	NA
NA	sgWDR55_2	NA	NA	NA	NA
NA	sgWDR70_4	NA	NA	NA	NA
NA	sgWDR82_1	NA	NA	NA	NA
NA	sgWDR82_4	NA	NA	NA	NA
NA	sgWDR91_2	NA	NA	NA	NA
NA	sgWFDC10A_4	NA	NA	NA	NA
NA	sgWFDC10B_4	NA	NA	NA	NA
NA	sgWFDC3_3	NA	NA	NA	NA
NA	sgWHAMM_1	NA	NA	NA	NA
NA	sgWHSC1L1_3	NA	NA	NA	NA
NA	sgWHSC1L1_4	NA	NA	NA	NA
NA	sgWIPF1_2	NA	NA	NA	NA
NA	sgWIPI2_3	NA	NA	NA	NA
NA	sgWIZ_3	NA	NA	NA	NA
NA	sgWRB_3	NA	NA	NA	NA
NA	sgWRB_4	NA	NA	NA	NA
NA	sgWTAP_4	NA	NA	NA	NA
NA	sgWTH3DI_1	NA	NA	NA	NA
NA	sgWTH3DI_2	NA	NA	NA	NA
NA	sgWTH3DI_3	NA	NA	NA	NA
NA	sgWWP1_1	NA	NA	NA	NA
NA	sgWWP1_4	NA	NA	NA	NA
NA	sgXAGE2_2	NA	NA	NA	NA
NA	sgXAGE3_2	NA	NA	NA	NA
NA	sgXAGE3_3	NA	NA	NA	NA
NA	sgXAGE3_4	NA	NA	NA	NA
NA	sgXAGE5_2	NA	NA	NA	NA
NA	sgXAGE5_4	NA	NA	NA	NA
NA	sgXCL1_3	NA	NA	NA	NA
NA	sgXCL1_4	NA	NA	NA	NA
NA	sgXCL2_2	NA	NA	NA	NA
NA	sgXCL2_4	NA	NA	NA	NA
NA	sgXG_2	NA	NA	NA	NA
NA	sgXIAP_4	NA	NA	NA	NA
NA	sgXKR8_4	NA	NA	NA	NA
NA	sgXPO6_1	NA	NA	NA	NA
NA	sgXPOT_1	NA	NA	NA	NA
NA	sgXPOT_2	NA	NA	NA	NA
NA	sgXRCC3_3	NA	NA	NA	NA
NA	sgXRCC6_3	NA	NA	NA	NA
NA	sgXRCC6_4	NA	NA	NA	NA
NA	sgXYLB_2	NA	NA	NA	NA
NA	sgXYLB_3	NA	NA	NA	NA
NA	sgYAP1_3	NA	NA	NA	NA
NA	sgYBX1_1	NA	NA	NA	NA
NA	sgYBX2_1	NA	NA	NA	NA
NA	sgYBX2_2	NA	NA	NA	NA
NA	sgYBX3_2	NA	NA	NA	NA
NA	sgYBX3_4	NA	NA	NA	NA
NA	sgYES1_4	NA	NA	NA	NA
NA	sgYKT6_2	NA	NA	NA	NA
NA	sgYPEL1_2	NA	NA	NA	NA
NA	sgYPEL3_4	NA	NA	NA	NA
NA	sgYPEL5_1	NA	NA	NA	NA
NA	sgYPEL5_2	NA	NA	NA	NA
NA	sgYTHDC1_1	NA	NA	NA	NA
NA	sgYTHDF2_2	NA	NA	NA	NA
NA	sgYTHDF2_4	NA	NA	NA	NA
NA	sgYWHAB_2	NA	NA	NA	NA
NA	sgYWHAE_2	NA	NA	NA	NA
NA	sgYWHAE_4	NA	NA	NA	NA
NA	sgYWHAQ_4	NA	NA	NA	NA
NA	sgYWHAZ_2	NA	NA	NA	NA
NA	sgYY1AP1_1	NA	NA	NA	NA
NA	sgYY1AP1_2	NA	NA	NA	NA
NA	sgYY2_2	NA	NA	NA	NA
NA	sgZBED4_2	NA	NA	NA	NA
NA	sgZBTB12_1	NA	NA	NA	NA
NA	sgZBTB12_2	NA	NA	NA	NA
NA	sgZBTB12_3	NA	NA	NA	NA
NA	sgZBTB18_4	NA	NA	NA	NA
NA	sgZBTB21_1	NA	NA	NA	NA
NA	sgZBTB45_3	NA	NA	NA	NA
NA	sgZBTB7C_1	NA	NA	NA	NA
NA	sgZC3H11A_3	NA	NA	NA	NA
NA	sgZC4H2_1	NA	NA	NA	NA
NA	sgZCCHC10_3	NA	NA	NA	NA
NA	sgZCCHC14_4	NA	NA	NA	NA
NA	sgZCCHC18_2	NA	NA	NA	NA
NA	sgZCCHC18_3	NA	NA	NA	NA
NA	sgZCCHC24_4	NA	NA	NA	NA
NA	sgZCCHC7_1	NA	NA	NA	NA
NA	sgZCCHC7_3	NA	NA	NA	NA
NA	sgZCCHC7_4	NA	NA	NA	NA
NA	sgZCCHC9_3	NA	NA	NA	NA
NA	sgZDHHC20_2	NA	NA	NA	NA
NA	sgZDHHC4_4	NA	NA	NA	NA
NA	sgZDHHC6_3	NA	NA	NA	NA
NA	sgZDHHC8_3	NA	NA	NA	NA
NA	sgZFAND5_2	NA	NA	NA	NA
NA	sgZFAND5_3	NA	NA	NA	NA
NA	sgZFAND5_4	NA	NA	NA	NA
NA	sgZFAND6_1	NA	NA	NA	NA
NA	sgZFAND6_2	NA	NA	NA	NA
NA	sgZFAND6_3	NA	NA	NA	NA
NA	sgZFP41_3	NA	NA	NA	NA
NA	sgZFP82_3	NA	NA	NA	NA
NA	sgZFP91_2	NA	NA	NA	NA
NA	sgZFX_2	NA	NA	NA	NA
NA	sgZFYVE21_3	NA	NA	NA	NA
NA	sgZFY_1	NA	NA	NA	NA
NA	sgZFY_3	NA	NA	NA	NA
NA	sgZHX2_4	NA	NA	NA	NA
NA	sgZIC4_4	NA	NA	NA	NA
NA	sgZIK1_1	NA	NA	NA	NA
NA	sgZKSCAN4_4	NA	NA	NA	NA
NA	sgZKSCAN7_3	NA	NA	NA	NA
NA	sgZMPSTE24_4	NA	NA	NA	NA
NA	sgZMYM2_1	NA	NA	NA	NA
NA	sgZNF100_2	NA	NA	NA	NA
NA	sgZNF100_3	NA	NA	NA	NA
NA	sgZNF107_4	NA	NA	NA	NA
NA	sgZNF117_1	NA	NA	NA	NA
NA	sgZNF117_2	NA	NA	NA	NA
NA	sgZNF117_3	NA	NA	NA	NA
NA	sgZNF121_3	NA	NA	NA	NA
NA	sgZNF124_4	NA	NA	NA	NA
NA	sgZNF135_3	NA	NA	NA	NA
NA	sgZNF135_4	NA	NA	NA	NA
NA	sgZNF138_1	NA	NA	NA	NA
NA	sgZNF138_2	NA	NA	NA	NA
NA	sgZNF138_3	NA	NA	NA	NA
NA	sgZNF138_4	NA	NA	NA	NA
NA	sgZNF141_1	NA	NA	NA	NA
NA	sgZNF141_2	NA	NA	NA	NA
NA	sgZNF141_3	NA	NA	NA	NA
NA	sgZNF155_1	NA	NA	NA	NA
NA	sgZNF155_3	NA	NA	NA	NA
NA	sgZNF155_4	NA	NA	NA	NA
NA	sgZNF160_1	NA	NA	NA	NA
NA	sgZNF17_3	NA	NA	NA	NA
NA	sgZNF181_1	NA	NA	NA	NA
NA	sgZNF181_2	NA	NA	NA	NA
NA	sgZNF181_4	NA	NA	NA	NA
NA	sgZNF19_1	NA	NA	NA	NA
NA	sgZNF202_4	NA	NA	NA	NA
NA	sgZNF207_1	NA	NA	NA	NA
NA	sgZNF208_1	NA	NA	NA	NA
NA	sgZNF208_3	NA	NA	NA	NA
NA	sgZNF208_4	NA	NA	NA	NA
NA	sgZNF20_3	NA	NA	NA	NA
NA	sgZNF20_4	NA	NA	NA	NA
NA	sgZNF212_3	NA	NA	NA	NA
NA	sgZNF214_3	NA	NA	NA	NA
NA	sgZNF219_3	NA	NA	NA	NA
NA	sgZNF221_1	NA	NA	NA	NA
NA	sgZNF221_3	NA	NA	NA	NA
NA	sgZNF222_2	NA	NA	NA	NA
NA	sgZNF222_4	NA	NA	NA	NA
NA	sgZNF223_3	NA	NA	NA	NA
NA	sgZNF223_4	NA	NA	NA	NA
NA	sgZNF224_3	NA	NA	NA	NA
NA	sgZNF225_2	NA	NA	NA	NA
NA	sgZNF230_1	NA	NA	NA	NA
NA	sgZNF230_3	NA	NA	NA	NA
NA	sgZNF235_1	NA	NA	NA	NA
NA	sgZNF248_2	NA	NA	NA	NA
NA	sgZNF24_4	NA	NA	NA	NA
NA	sgZNF253_1	NA	NA	NA	NA
NA	sgZNF254_2	NA	NA	NA	NA
NA	sgZNF254_3	NA	NA	NA	NA
NA	sgZNF254_4	NA	NA	NA	NA
NA	sgZNF257_1	NA	NA	NA	NA
NA	sgZNF257_3	NA	NA	NA	NA
NA	sgZNF257_4	NA	NA	NA	NA
NA	sgZNF25_1	NA	NA	NA	NA
NA	sgZNF25_4	NA	NA	NA	NA
NA	sgZNF266_1	NA	NA	NA	NA
NA	sgZNF266_2	NA	NA	NA	NA
NA	sgZNF267_3	NA	NA	NA	NA
NA	sgZNF273_1	NA	NA	NA	NA
NA	sgZNF273_2	NA	NA	NA	NA
NA	sgZNF283_3	NA	NA	NA	NA
NA	sgZNF284_3	NA	NA	NA	NA
NA	sgZNF284_4	NA	NA	NA	NA
NA	sgZNF285_1	NA	NA	NA	NA
NA	sgZNF285_3	NA	NA	NA	NA
NA	sgZNF285_4	NA	NA	NA	NA
NA	sgZNF286A_1	NA	NA	NA	NA
NA	sgZNF28_1	NA	NA	NA	NA
NA	sgZNF28_3	NA	NA	NA	NA
NA	sgZNF302_2	NA	NA	NA	NA
NA	sgZNF302_3	NA	NA	NA	NA
NA	sgZNF30_2	NA	NA	NA	NA
NA	sgZNF30_3	NA	NA	NA	NA
NA	sgZNF316_2	NA	NA	NA	NA
NA	sgZNF318_1	NA	NA	NA	NA
NA	sgZNF320_1	NA	NA	NA	NA
NA	sgZNF324_4	NA	NA	NA	NA
NA	sgZNF329_3	NA	NA	NA	NA
NA	sgZNF331_1	NA	NA	NA	NA
NA	sgZNF337_1	NA	NA	NA	NA
NA	sgZNF337_2	NA	NA	NA	NA
NA	sgZNF337_4	NA	NA	NA	NA
NA	sgZNF33A_2	NA	NA	NA	NA
NA	sgZNF33A_4	NA	NA	NA	NA
NA	sgZNF341_2	NA	NA	NA	NA
NA	sgZNF345_1	NA	NA	NA	NA
NA	sgZNF347_4	NA	NA	NA	NA
NA	sgZNF35_1	NA	NA	NA	NA
NA	sgZNF35_2	NA	NA	NA	NA
NA	sgZNF35_3	NA	NA	NA	NA
NA	sgZNF37A_2	NA	NA	NA	NA
NA	sgZNF396_1	NA	NA	NA	NA
NA	sgZNF396_2	NA	NA	NA	NA
NA	sgZNF414_2	NA	NA	NA	NA
NA	sgZNF415_4	NA	NA	NA	NA
NA	sgZNF417_2	NA	NA	NA	NA
NA	sgZNF418_3	NA	NA	NA	NA
NA	sgZNF418_4	NA	NA	NA	NA
NA	sgZNF419_1	NA	NA	NA	NA
NA	sgZNF419_2	NA	NA	NA	NA
NA	sgZNF430_1	NA	NA	NA	NA
NA	sgZNF430_3	NA	NA	NA	NA
NA	sgZNF431_1	NA	NA	NA	NA
NA	sgZNF431_4	NA	NA	NA	NA
NA	sgZNF433_1	NA	NA	NA	NA
NA	sgZNF433_2	NA	NA	NA	NA
NA	sgZNF433_3	NA	NA	NA	NA
NA	sgZNF439_1	NA	NA	NA	NA
NA	sgZNF439_2	NA	NA	NA	NA
NA	sgZNF439_3	NA	NA	NA	NA
NA	sgZNF439_4	NA	NA	NA	NA
NA	sgZNF43_1	NA	NA	NA	NA
NA	sgZNF43_2	NA	NA	NA	NA
NA	sgZNF43_4	NA	NA	NA	NA
NA	sgZNF440_2	NA	NA	NA	NA
NA	sgZNF440_3	NA	NA	NA	NA
NA	sgZNF441_1	NA	NA	NA	NA
NA	sgZNF441_2	NA	NA	NA	NA
NA	sgZNF442_2	NA	NA	NA	NA
NA	sgZNF443_1	NA	NA	NA	NA
NA	sgZNF443_2	NA	NA	NA	NA
NA	sgZNF443_3	NA	NA	NA	NA
NA	sgZNF446_1	NA	NA	NA	NA
NA	sgZNF446_2	NA	NA	NA	NA
NA	sgZNF44_4	NA	NA	NA	NA
NA	sgZNF461_3	NA	NA	NA	NA
NA	sgZNF468_1	NA	NA	NA	NA
NA	sgZNF479_4	NA	NA	NA	NA
NA	sgZNF485_1	NA	NA	NA	NA
NA	sgZNF486_1	NA	NA	NA	NA
NA	sgZNF486_2	NA	NA	NA	NA
NA	sgZNF486_3	NA	NA	NA	NA
NA	sgZNF486_4	NA	NA	NA	NA
NA	sgZNF492_2	NA	NA	NA	NA
NA	sgZNF492_3	NA	NA	NA	NA
NA	sgZNF493_2	NA	NA	NA	NA
NA	sgZNF493_3	NA	NA	NA	NA
NA	sgZNF501_2	NA	NA	NA	NA
NA	sgZNF501_4	NA	NA	NA	NA
NA	sgZNF506_2	NA	NA	NA	NA
NA	sgZNF510_4	NA	NA	NA	NA
NA	sgZNF512B_3	NA	NA	NA	NA
NA	sgZNF519_2	NA	NA	NA	NA
NA	sgZNF526_3	NA	NA	NA	NA
NA	sgZNF528_3	NA	NA	NA	NA
NA	sgZNF532_1	NA	NA	NA	NA
NA	sgZNF532_2	NA	NA	NA	NA
NA	sgZNF532_3	NA	NA	NA	NA
NA	sgZNF544_1	NA	NA	NA	NA
NA	sgZNF544_2	NA	NA	NA	NA
NA	sgZNF549_1	NA	NA	NA	NA
NA	sgZNF552_1	NA	NA	NA	NA
NA	sgZNF552_3	NA	NA	NA	NA
NA	sgZNF555_3	NA	NA	NA	NA
NA	sgZNF557_3	NA	NA	NA	NA
NA	sgZNF558_2	NA	NA	NA	NA
NA	sgZNF558_3	NA	NA	NA	NA
NA	sgZNF561_4	NA	NA	NA	NA
NA	sgZNF562_2	NA	NA	NA	NA
NA	sgZNF563_2	NA	NA	NA	NA
NA	sgZNF568_1	NA	NA	NA	NA
NA	sgZNF573_2	NA	NA	NA	NA
NA	sgZNF578_1	NA	NA	NA	NA
NA	sgZNF578_2	NA	NA	NA	NA
NA	sgZNF578_3	NA	NA	NA	NA
NA	sgZNF578_4	NA	NA	NA	NA
NA	sgZNF587B_2	NA	NA	NA	NA
NA	sgZNF587B_4	NA	NA	NA	NA
NA	sgZNF587_1	NA	NA	NA	NA
NA	sgZNF595_2	NA	NA	NA	NA
NA	sgZNF595_3	NA	NA	NA	NA
NA	sgZNF596_2	NA	NA	NA	NA
NA	sgZNF600_2	NA	NA	NA	NA
NA	sgZNF610_2	NA	NA	NA	NA
NA	sgZNF611_1	NA	NA	NA	NA
NA	sgZNF611_2	NA	NA	NA	NA
NA	sgZNF611_3	NA	NA	NA	NA
NA	sgZNF611_4	NA	NA	NA	NA
NA	sgZNF613_4	NA	NA	NA	NA
NA	sgZNF614_3	NA	NA	NA	NA
NA	sgZNF615_3	NA	NA	NA	NA
NA	sgZNF616_1	NA	NA	NA	NA
NA	sgZNF625_1	NA	NA	NA	NA
NA	sgZNF648_2	NA	NA	NA	NA
NA	sgZNF649_2	NA	NA	NA	NA
NA	sgZNF649_3	NA	NA	NA	NA
NA	sgZNF652_3	NA	NA	NA	NA
NA	sgZNF652_4	NA	NA	NA	NA
NA	sgZNF658_1	NA	NA	NA	NA
NA	sgZNF658_2	NA	NA	NA	NA
NA	sgZNF658_3	NA	NA	NA	NA
NA	sgZNF660_1	NA	NA	NA	NA
NA	sgZNF674_1	NA	NA	NA	NA
NA	sgZNF674_2	NA	NA	NA	NA
NA	sgZNF675_1	NA	NA	NA	NA
NA	sgZNF675_2	NA	NA	NA	NA
NA	sgZNF675_3	NA	NA	NA	NA
NA	sgZNF675_4	NA	NA	NA	NA
NA	sgZNF676_1	NA	NA	NA	NA
NA	sgZNF676_2	NA	NA	NA	NA
NA	sgZNF676_4	NA	NA	NA	NA
NA	sgZNF677_4	NA	NA	NA	NA
NA	sgZNF679_1	NA	NA	NA	NA
NA	sgZNF679_2	NA	NA	NA	NA
NA	sgZNF679_4	NA	NA	NA	NA
NA	sgZNF680_1	NA	NA	NA	NA
NA	sgZNF680_2	NA	NA	NA	NA
NA	sgZNF688_3	NA	NA	NA	NA
NA	sgZNF691_3	NA	NA	NA	NA
NA	sgZNF69_3	NA	NA	NA	NA
NA	sgZNF700_1	NA	NA	NA	NA
NA	sgZNF700_4	NA	NA	NA	NA
NA	sgZNF701_2	NA	NA	NA	NA
NA	sgZNF705A_1	NA	NA	NA	NA
NA	sgZNF705A_3	NA	NA	NA	NA
NA	sgZNF705B_1	NA	NA	NA	NA
NA	sgZNF705G_1	NA	NA	NA	NA
NA	sgZNF705G_3	NA	NA	NA	NA
NA	sgZNF705G_4	NA	NA	NA	NA
NA	sgZNF707_4	NA	NA	NA	NA
NA	sgZNF708_1	NA	NA	NA	NA
NA	sgZNF708_3	NA	NA	NA	NA
NA	sgZNF714_2	NA	NA	NA	NA
NA	sgZNF716_1	NA	NA	NA	NA
NA	sgZNF716_3	NA	NA	NA	NA
NA	sgZNF717_1	NA	NA	NA	NA
NA	sgZNF717_3	NA	NA	NA	NA
NA	sgZNF717_4	NA	NA	NA	NA
NA	sgZNF718_4	NA	NA	NA	NA
NA	sgZNF71_1	NA	NA	NA	NA
NA	sgZNF71_4	NA	NA	NA	NA
NA	sgZNF721_3	NA	NA	NA	NA
NA	sgZNF721_4	NA	NA	NA	NA
NA	sgZNF726_2	NA	NA	NA	NA
NA	sgZNF727_2	NA	NA	NA	NA
NA	sgZNF727_3	NA	NA	NA	NA
NA	sgZNF727_4	NA	NA	NA	NA
NA	sgZNF728_2	NA	NA	NA	NA
NA	sgZNF729_1	NA	NA	NA	NA
NA	sgZNF729_3	NA	NA	NA	NA
NA	sgZNF729_4	NA	NA	NA	NA
NA	sgZNF730_1	NA	NA	NA	NA
NA	sgZNF730_2	NA	NA	NA	NA
NA	sgZNF732_4	NA	NA	NA	NA
NA	sgZNF735_1	NA	NA	NA	NA
NA	sgZNF735_4	NA	NA	NA	NA
NA	sgZNF736_1	NA	NA	NA	NA
NA	sgZNF736_3	NA	NA	NA	NA
NA	sgZNF747_3	NA	NA	NA	NA
NA	sgZNF74_2	NA	NA	NA	NA
NA	sgZNF75A_1	NA	NA	NA	NA
NA	sgZNF75D_4	NA	NA	NA	NA
NA	sgZNF761_2	NA	NA	NA	NA
NA	sgZNF763_1	NA	NA	NA	NA
NA	sgZNF763_2	NA	NA	NA	NA
NA	sgZNF763_3	NA	NA	NA	NA
NA	sgZNF765_1	NA	NA	NA	NA
NA	sgZNF765_2	NA	NA	NA	NA
NA	sgZNF766_1	NA	NA	NA	NA
NA	sgZNF766_4	NA	NA	NA	NA
NA	sgZNF770_1	NA	NA	NA	NA
NA	sgZNF770_2	NA	NA	NA	NA
NA	sgZNF770_3	NA	NA	NA	NA
NA	sgZNF770_4	NA	NA	NA	NA
NA	sgZNF772_3	NA	NA	NA	NA
NA	sgZNF773_1	NA	NA	NA	NA
NA	sgZNF773_3	NA	NA	NA	NA
NA	sgZNF773_4	NA	NA	NA	NA
NA	sgZNF775_1	NA	NA	NA	NA
NA	sgZNF775_3	NA	NA	NA	NA
NA	sgZNF780A_3	NA	NA	NA	NA
NA	sgZNF780A_4	NA	NA	NA	NA
NA	sgZNF780B_3	NA	NA	NA	NA
NA	sgZNF783_1	NA	NA	NA	NA
NA	sgZNF784_1	NA	NA	NA	NA
NA	sgZNF791_2	NA	NA	NA	NA
NA	sgZNF792_1	NA	NA	NA	NA
NA	sgZNF799_3	NA	NA	NA	NA
NA	sgZNF799_4	NA	NA	NA	NA
NA	sgZNF79_1	NA	NA	NA	NA
NA	sgZNF804A_1	NA	NA	NA	NA
NA	sgZNF808_1	NA	NA	NA	NA
NA	sgZNF808_4	NA	NA	NA	NA
NA	sgZNF813_1	NA	NA	NA	NA
NA	sgZNF814_1	NA	NA	NA	NA
NA	sgZNF814_3	NA	NA	NA	NA
NA	sgZNF814_4	NA	NA	NA	NA
NA	sgZNF816_3	NA	NA	NA	NA
NA	sgZNF823_2	NA	NA	NA	NA
NA	sgZNF823_3	NA	NA	NA	NA
NA	sgZNF836_1	NA	NA	NA	NA
NA	sgZNF845_2	NA	NA	NA	NA
NA	sgZNF845_3	NA	NA	NA	NA
NA	sgZNF845_4	NA	NA	NA	NA
NA	sgZNF85_2	NA	NA	NA	NA
NA	sgZNF878_4	NA	NA	NA	NA
NA	sgZNF880_1	NA	NA	NA	NA
NA	sgZNF91_2	NA	NA	NA	NA
NA	sgZNF91_3	NA	NA	NA	NA
NA	sgZNF92_1	NA	NA	NA	NA
NA	sgZNF93_1	NA	NA	NA	NA
NA	sgZNF93_2	NA	NA	NA	NA
NA	sgZNF98_3	NA	NA	NA	NA
NA	sgZNF98_4	NA	NA	NA	NA
NA	sgZNHIT1_1	NA	NA	NA	NA
NA	sgZNRF2_3	NA	NA	NA	NA
NA	sgZNRF2_4	NA	NA	NA	NA
NA	sgZRANB1_1	NA	NA	NA	NA
NA	sgZRSR2_1	NA	NA	NA	NA
NA	sgZSCAN12_1	NA	NA	NA	NA
NA	sgZSCAN26_1	NA	NA	NA	NA
NA	sgZSCAN30_3	NA	NA	NA	NA
NA	sgZSCAN5B_2	NA	NA	NA	NA
NA	sgZSWIM1_2	NA	NA	NA	NA
NA	sgZSWIM5_2	NA	NA	NA	NA
NA	sgZSWIM5_3	NA	NA	NA	NA
NA	sgZW10_4	NA	NA	NA	NA
NA	sgZXDA_3	NA	NA	NA	NA
NA	sgZXDA_4	NA	NA	NA	NA
NA	sgZXDB_2	NA	NA	NA	NA
NA	sgZXDB_3	NA	NA	NA	NA
NA	sgZYG11A_2	NA	NA	NA	NA
